Autor,Total_Publicacoes,Porcentagem_Publicacoes
ID_9848311210578810,5454,1.1978967621206331
ID_4720283421615359,3660,0.8038691142943742
ID_3532765293459410,3404,0.7476422035677732
ID_1608166528142462,2490,0.5468945613642054
ID_5840732667923853,2222,0.48803201419729497
ID_5349557509612483,2195,0.48210183220659875
ID_6446047463034654,2195,0.48210183220659875
ID_8049184468038869,2091,0.4592596497239171
ID_5942068988379022,1940,0.4260945578500235
ID_3977660018939385,1827,0.40127564803710974
ID_8892459126928726,1802,0.39578473878646514
ID_3935055744673018,1780,0.39095273864589786
ID_1264299192805866,1761,0.38677964761540795
ID_8582867831317500,1747,0.38370473843504693
ID_3919711591553904,1655,0.36349819239267467
ID_0218004426204544,1596,0.35053964656115333
ID_0807993828734491,1581,0.34724510101076655
ID_1305553577433058,1570,0.3448291009404829
ID_0970789513843822,1548,0.3399971007999157
ID_9867636928092492,1520,0.33384728243919365
ID_0482551013400931,1504,0.3303331005187811
ID_7930540518087267,1464,0.3215476457177497
ID_6593457386037361,1443,0.3169352819472082
ID_7572366766177648,1438,0.31583710009707927
ID_0061106995455595,1435,0.3151781909870019
ID_7436135069574190,1377,0.30243928152550636
ID_2714004273523549,1373,0.30156073604540323
ID_6841118121493906,1366,0.3000232814552227
ID_6052239712915301,1353,0.2971680086448875
ID_3455204481678421,1318,0.289480735693985
ID_4702999283260777,1303,0.28618619014359825
ID_1050709055776428,1235,0.27125091698184484
ID_7109489698613515,1225,0.269054553281587
ID_0560039556461253,1207,0.26510109862112285
ID_0845421586641237,1197,0.262904734920865
ID_5486280310533660,1197,0.262904734920865
ID_4482652690766445,1195,0.26246546218081346
ID_8423282472108016,1178,0.2587316438903751
ID_0291695624884565,1177,0.2585120075203493
ID_0023950321397451,1169,0.25675491656014304
ID_3107924103069456,1141,0.25060509819942106
ID_2302429651674634,1133,0.24884800723921477
ID_6870958743124961,1132,0.24862837086918896
ID_1325247019367288,1121,0.24621237079890534
ID_5760422122697584,1121,0.24621237079890534
ID_0174325304693036,1100,0.24160000702836384
ID_9497366266156796,1098,0.24116073428831228
ID_8754335906813622,1083,0.23786618873792548
ID_1357061371579771,1066,0.23413237044748714
ID_0277415539607307,1044,0.22930037030691985
ID_8886217002903392,1044,0.22930037030691985
ID_2659526671827929,1033,0.2268843702366362
ID_0925726638062356,1031,0.22644509749658465
ID_3524890504250775,1017,0.22337018831622366
ID_3781815204303241,1016,0.22315055194619787
ID_6478091924064864,1013,0.22249164283612052
ID_8391182235603982,1007,0.2211738246159658
ID_8970751075617926,998,0.21919709728573375
ID_2747150211073176,992,0.21787927906557902
ID_5582765254731004,989,0.21722036995550167
ID_0426611082211389,987,0.2167810972154501
ID_4299344810509965,983,0.21590255173534695
ID_0762445046640965,977,0.21458473351519225
ID_0055080134892269,969,0.21282764255498596
ID_0914668307033301,954,0.20953309700459918
ID_6806722604010480,939,0.2062385514542124
ID_6723353746838236,933,0.20492073323405768
ID_5768000922241088,929,0.20404218775395455
ID_3729715298008025,912,0.2003083694635162
ID_5846645200230520,910,0.19986909672346465
ID_8401671962644482,904,0.19855127850330992
ID_8302605179522059,897,0.1970138239131294
ID_0223997495223283,891,0.1956960056929747
ID_1906784092048967,889,0.19525673295292315
ID_1684574356606924,888,0.19503709658289736
ID_7151870174700608,882,0.19371927836274264
ID_9362686215096702,882,0.19371927836274264
ID_8231471391500358,880,0.19328000562269107
ID_7034773971317045,879,0.1930603692526653
ID_4210289862552350,878,0.1928407328826395
ID_3832957669189657,877,0.19262109651261372
ID_0232075212409214,871,0.191303278292459
ID_7216933992248038,866,0.19020509644233008
ID_5317385915649516,864,0.1897658237022785
ID_2153506219894492,856,0.18800873274207222
ID_0916805360400109,848,0.18625164178186596
ID_0162059400153020,838,0.1840552780816081
ID_4175509016219914,835,0.18339636897153072
ID_4735276653354808,834,0.18317673260150494
ID_9264997837722900,829,0.18207855075137602
ID_2559066882962466,822,0.1805410961611955
ID_5662858299034942,822,0.1805410961611955
ID_0973550817356564,821,0.18032145979116973
ID_8730904907286096,819,0.17988218705111816
ID_0422319714962244,812,0.17834473246093768
ID_8546635518344761,811,0.1781250960909119
ID_8528934713225115,807,0.17724655061080874
ID_7796654028353519,803,0.1763680051307056
ID_8106459529828166,801,0.17592873239065404
ID_2774467864626548,800,0.17570909602062826
ID_8921922898103482,794,0.17439127780047353
ID_7441669258580942,793,0.17417164143044775
ID_2364470149264554,788,0.17307345958031883
ID_0422858064703713,788,0.17307345958031883
ID_4361220072322558,782,0.1717556413601641
ID_3537062520522134,771,0.16933964128988047
ID_6328263723211152,770,0.16912000491985468
ID_3296934538404596,769,0.1689003685498289
ID_1888879974374014,766,0.16824145943975155
ID_8472079174657098,758,0.16648436847954526
ID_5783141369706484,754,0.16560582299944213
ID_1036046601275319,753,0.16538618662941634
ID_3613722593784448,752,0.16516655025939056
ID_1537768249023926,748,0.1642880047792874
ID_1029892667445223,743,0.16318982292915848
ID_0589484713269268,741,0.16275055018910692
ID_1409367562944345,740,0.16253091381908114
ID_6120952417164903,739,0.16231127744905535
ID_3594651355252245,735,0.1614327319689522
ID_9335253053250984,735,0.1614327319689522
ID_3981568451860330,731,0.16055418648884906
ID_9157872297410868,725,0.15923636826869436
ID_7069264281185562,722,0.15857745915861698
ID_6216261423282706,721,0.1583578227885912
ID_3085057149388157,710,0.15594182271830756
ID_9082260061201946,706,0.15506327723820443
ID_5598322661148873,704,0.15462400449815286
ID_3888832724995864,703,0.15440436812812708
ID_7552747227876113,702,0.1541847317581013
ID_0433763336350310,697,0.15308654990797235
ID_1508105634503621,696,0.15286691353794657
ID_3192797452693362,696,0.15286691353794657
ID_8807333466702951,691,0.15176873168781765
ID_4994942901309005,691,0.15176873168781765
ID_9273702863744424,684,0.15023127709763714
ID_7836545332605210,683,0.15001164072761136
ID_6233411996499255,680,0.149352731617534
ID_7532334620264577,680,0.149352731617534
ID_6555511233950866,680,0.149352731617534
ID_4692980070480625,678,0.14891345887748245
ID_5882662534904226,669,0.14693673154725037
ID_8886634592087842,668,0.1467170951772246
ID_4470314114687099,668,0.1467170951772246
ID_4028993334703256,667,0.1464974588071988
ID_3733846364293441,661,0.14517964058704408
ID_0574180390413250,661,0.14517964058704408
ID_0967035318418472,661,0.14517964058704408
ID_3051627641386529,658,0.14452073147696673
ID_5379077061489077,656,0.14408145873691516
ID_9157226124301186,656,0.14408145873691516
ID_5599017990318989,652,0.14320291325681203
ID_9325751411452030,652,0.14320291325681203
ID_1686212165863890,651,0.14298327688678625
ID_0932900035896817,649,0.14254400414673465
ID_7561487411080800,648,0.14232436777670887
ID_4185521570721716,644,0.14144582229660574
ID_4621534549550979,643,0.14122618592657996
ID_8736721273068415,642,0.14100654955655417
ID_4824419385318370,637,0.13990836770642523
ID_2030746662248842,637,0.13990836770642523
ID_1443260585180322,634,0.13924945859634788
ID_7090419604571199,634,0.13924945859634788
ID_7027792126979693,633,0.1390298222263221
ID_1345781867765758,632,0.13881018585629631
ID_7890165105970581,630,0.13837091311624475
ID_4016576596215504,629,0.13815127674621897
ID_6780184620648314,628,0.13793164037619318
ID_7276765928582051,626,0.13749236763614162
ID_4010781324120944,621,0.13639418578601267
ID_7527179767450432,618,0.13573527667593532
ID_6248532093883975,608,0.13353891297567747
ID_0766735065718186,606,0.1330996402356259
ID_1623651835700843,605,0.13288000386560012
ID_5424781102486268,601,0.13200145838549698
ID_8897713171950671,599,0.1315621856454454
ID_5839835671483987,599,0.1315621856454454
ID_9859511150127352,599,0.1315621856454454
ID_2325513222088331,596,0.13090327653536804
ID_5832250655889116,596,0.13090327653536804
ID_3412816427200150,595,0.13068364016534226
ID_2554509868510718,593,0.1302443674252907
ID_7506578377321090,592,0.1300247310552649
ID_2694197910478313,592,0.1300247310552649
ID_8563794592947521,591,0.12980509468523913
ID_0822799877686090,588,0.12914618557516178
ID_8265116967095452,588,0.12914618557516178
ID_6638697951841821,588,0.12914618557516178
ID_4724455372300363,585,0.1284872764650844
ID_1616204547689304,585,0.1284872764650844
ID_7754712826522774,581,0.12760873098498127
ID_9670001528699130,581,0.12760873098498127
ID_8739431159426389,578,0.12694982187490392
ID_3120810650181134,577,0.12673018550487813
ID_8590492866942091,577,0.12673018550487813
ID_2878770983264825,576,0.12651054913485235
ID_8634866589762862,570,0.12519273091469763
ID_1422895308009825,568,0.12475345817464606
ID_3989136572460030,566,0.12431418543459448
ID_0128689067297674,566,0.12431418543459448
ID_8655277884027052,564,0.12387491269454291
ID_7119886675051877,562,0.12343563995449135
ID_2636111337875377,562,0.12343563995449135
ID_6066310198344526,560,0.12299636721443977
ID_4273689617987878,557,0.12233745810436242
ID_9703848266137282,556,0.12211782173433663
ID_7181616799746888,554,0.12167854899428507
ID_8352745170435172,553,0.12145891262425927
ID_7740917144757410,553,0.12145891262425927
ID_9308646552353762,552,0.12123927625423349
ID_0004405929946327,550,0.12080000351418192
ID_2835093153489923,549,0.12058036714415614
ID_3553837998751021,549,0.12058036714415614
ID_0477045906733254,548,0.12036073077413036
ID_8462865850328344,548,0.12036073077413036
ID_1572504650930605,548,0.12036073077413036
ID_8858800699425352,547,0.12014109440410456
ID_4215849919453600,547,0.12014109440410456
ID_6564076531735310,545,0.119701821664053
ID_3658669547742426,543,0.11926254892400143
ID_9092587237114334,543,0.11926254892400143
ID_2346700109498656,536,0.11772509433382093
ID_6999749984515755,535,0.11750545796379513
ID_5268607684223281,535,0.11750545796379513
ID_0037573905724394,533,0.11706618522374357
ID_0034894070455412,532,0.11684654885371779
ID_0469666950995989,532,0.11684654885371779
ID_4408599021040004,529,0.11618763974364042
ID_1973878827354750,528,0.11596800337361464
ID_5949636124796250,528,0.11596800337361464
ID_3767979348338740,526,0.11552873063356307
ID_8218059267505950,518,0.1137716396733568
ID_6703037457253125,516,0.11333236693330521
ID_4655532473617635,516,0.11333236693330521
ID_2002515486942024,516,0.11333236693330521
ID_4993204839198672,514,0.11289309419325365
ID_9450460842293932,513,0.11267345782322787
ID_2745679186354681,513,0.11267345782322787
ID_2158196443144675,510,0.1120145487131505
ID_4996734160632011,509,0.11179491234312472
ID_2762761928704612,506,0.11113600323304737
ID_3971663510252293,505,0.11091636686302159
ID_6378129193246016,505,0.11091636686302159
ID_1829406809818626,505,0.11091636686302159
ID_4747666293431338,504,0.11069673049299579
ID_4844986337654168,504,0.11069673049299579
ID_5118629875846648,503,0.11047709412297001
ID_8586805521593519,502,0.11025745775294422
ID_4351583784137968,502,0.11025745775294422
ID_5168823546200073,500,0.10981818501289266
ID_7445996639798624,498,0.10937891227284108
ID_5588269274851789,498,0.10937891227284108
ID_1694260923221276,498,0.10937891227284108
ID_2851798514812201,497,0.1091592759028153
ID_5916017746341882,496,0.10893963953278951
ID_7024780289532391,494,0.10850036679273795
ID_0128404227626176,494,0.10850036679273795
ID_2123038879875164,493,0.10828073042271216
ID_3497095259123139,492,0.10806109405268637
ID_3555567955507382,490,0.1076218213126348
ID_0544144585124313,490,0.1076218213126348
ID_2602949498335989,487,0.10696291220255745
ID_8006865596138564,487,0.10696291220255745
ID_4750838304742762,485,0.10652363946250587
ID_8241999499678979,483,0.1060843667224543
ID_7331062615542814,483,0.1060843667224543
ID_9430398566741698,483,0.1060843667224543
ID_0700137809969252,482,0.10586473035242852
ID_0041995572099705,481,0.10564509398240274
ID_2762547320425528,481,0.10564509398240274
ID_7998391975397420,481,0.10564509398240274
ID_3386857761295187,480,0.10542545761237695
ID_0932673194762377,479,0.10520582124235116
ID_4581537476491370,479,0.10520582124235116
ID_7316338454902623,478,0.10498618487232537
ID_6562497517787376,477,0.10476654850229959
ID_2050094723109880,475,0.10432727576224803
ID_4038930548278283,475,0.10432727576224803
ID_6644811083291335,474,0.10410763939222224
ID_7710344461864924,473,0.10388800302219645
ID_0915732258069388,473,0.10388800302219645
ID_6282229671610460,473,0.10388800302219645
ID_3794477872946546,471,0.10344873028214488
ID_4290808161139329,471,0.10344873028214488
ID_2483185411923070,470,0.1032290939121191
ID_0996374647319169,468,0.10278982117206753
ID_4568109140874315,468,0.10278982117206753
ID_9356303217059472,467,0.10257018480204173
ID_9978219072711522,464,0.10191127569196438
ID_5558354805733623,464,0.10191127569196438
ID_0280121582234738,463,0.1016916393219386
ID_0345959348124698,461,0.10125236658188702
ID_6696857617864852,461,0.10125236658188702
ID_3590884268165249,459,0.10081309384183545
ID_2293023062054998,458,0.10059345747180967
ID_2523040704958733,457,0.10037382110178389
ID_0983518713985469,456,0.1001541847317581
ID_8922470135347131,456,0.1001541847317581
ID_8220266376719566,455,0.09993454836173232
ID_0585283327853481,455,0.09993454836173232
ID_0204571709680830,454,0.09971491199170653
ID_1468516584214940,451,0.09905600288162918
ID_2554853704952225,451,0.09905600288162918
ID_1224532648969159,451,0.09905600288162918
ID_5547874183666459,449,0.09861673014157761
ID_7254844415865063,448,0.09839709377155181
ID_8278472628252508,446,0.09795782103150025
ID_2324159515825927,445,0.09773818466147446
ID_8047078292358267,444,0.09751854829144868
ID_7860759306517929,444,0.09751854829144868
ID_2941335797138677,443,0.0972989119214229
ID_8783964270386788,443,0.0972989119214229
ID_2828124381670231,441,0.09685963918137132
ID_2289579163604428,439,0.09642036644131975
ID_3302216368941503,439,0.09642036644131975
ID_2435447165044085,437,0.09598109370126819
ID_1608252203113404,437,0.09598109370126819
ID_3718352314610417,437,0.09598109370126819
ID_6815299644750648,437,0.09598109370126819
ID_4186411197580812,437,0.09598109370126819
ID_4585253466628293,436,0.09576145733124239
ID_7686768230673663,436,0.09576145733124239
ID_8392547704796029,436,0.09576145733124239
ID_1588571859201066,436,0.09576145733124239
ID_5061261000226463,435,0.0955418209612166
ID_0863139085649116,432,0.09488291185113926
ID_3720190068644174,432,0.09488291185113926
ID_7541486051032916,431,0.09466327548111347
ID_3496070172209437,430,0.09444363911108768
ID_8079423496391852,429,0.0942240027410619
ID_2685286492991791,428,0.09400436637103611
ID_5719239270509869,427,0.09378473000101033
ID_6056793173053386,423,0.09290618452090718
ID_5366157471959981,420,0.09224727541082983
ID_8626964624628522,419,0.09202763904080405
ID_2482060270236527,417,0.09158836630075247
ID_9469987954896496,416,0.09136872993072669
ID_6142558410927273,415,0.0911490935607009
ID_3897283209013869,413,0.09070982082064934
ID_0581412073128121,412,0.09049018445062355
ID_6284168579617066,412,0.09049018445062355
ID_6472062816736936,411,0.09027054808059776
ID_6293663565260182,411,0.09027054808059776
ID_8187863977340227,408,0.08961163897052041
ID_2531761427648020,408,0.08961163897052041
ID_2726230162746149,408,0.08961163897052041
ID_9787209999258590,407,0.08939200260049462
ID_6201224121456969,406,0.08917236623046884
ID_1077091269921532,406,0.08917236623046884
ID_6465314260773099,404,0.08873309349041726
ID_7106998317216646,403,0.08851345712039148
ID_8992951405803858,403,0.08851345712039148
ID_8696858608013659,401,0.08807418438033991
ID_2543067198319684,401,0.08807418438033991
ID_1682621160901140,400,0.08785454801031413
ID_8814823545159504,400,0.08785454801031413
ID_6501120313475077,400,0.08785454801031413
ID_1343302903420183,398,0.08741527527026255
ID_4548734294382889,398,0.08741527527026255
ID_2529689139869418,398,0.08741527527026255
ID_3929176117729138,397,0.08719563890023677
ID_9362702262041806,396,0.08697600253021098
ID_5393628668007180,395,0.0867563661601852
ID_3325984959083987,394,0.08653672979015942
ID_0278717765065500,393,0.08631709342013362
ID_6751513272539561,393,0.08631709342013362
ID_6175285839739641,392,0.08609745705010784
ID_7900399551528003,392,0.08609745705010784
ID_7884742100487918,391,0.08587782068008205
ID_2014918752636286,391,0.08587782068008205
ID_0565062540207457,390,0.08565818431005627
ID_4326514220673393,390,0.08565818431005627
ID_0588546982625730,387,0.08499927519997892
ID_6410871756552953,387,0.08499927519997892
ID_4041211770858318,386,0.08477963882995312
ID_5175443246146343,385,0.08456000245992734
ID_3059520185406581,385,0.08456000245992734
ID_2160668047976488,384,0.08434036608990156
ID_3355141192938134,384,0.08434036608990156
ID_6170215694392885,383,0.08412072971987578
ID_0517841867884236,382,0.08390109334984999
ID_8351785832221386,381,0.08368145697982421
ID_6731029375224939,381,0.08368145697982421
ID_2934031372127516,380,0.08346182060979841
ID_7035545485084138,378,0.08302254786974685
ID_4940933921005830,377,0.08280291149972106
ID_2069437408328707,377,0.08280291149972106
ID_8948444880792780,377,0.08280291149972106
ID_7396818382676736,376,0.08258327512969528
ID_4916914753471904,376,0.08258327512969528
ID_3340828165410597,376,0.08258327512969528
ID_7921787048065279,376,0.08258327512969528
ID_7523068114278574,375,0.0823636387596695
ID_2509301929350826,375,0.0823636387596695
ID_5527724436785061,374,0.0821440023896437
ID_5168806776816009,373,0.08192436601961792
ID_3664073315037262,373,0.08192436601961792
ID_0756134184225958,373,0.08192436601961792
ID_9032973705204320,372,0.08170472964959213
ID_6019754377229990,372,0.08170472964959213
ID_0599337060580753,370,0.08126545690954057
ID_7818012155694188,369,0.08104582053951478
ID_6188875235262429,369,0.08104582053951478
ID_2883241764449950,368,0.08082618416948899
ID_5379986303796142,368,0.08082618416948899
ID_2961250776014138,368,0.08082618416948899
ID_4897726772361601,368,0.08082618416948899
ID_2370717228259133,365,0.08016727505941164
ID_1635197498453054,365,0.08016727505941164
ID_9364148865735922,365,0.08016727505941164
ID_1254836315844697,364,0.07994763868938586
ID_2689400605282903,364,0.07994763868938586
ID_2375722997534058,363,0.07972800231936007
ID_5969636750048659,363,0.07972800231936007
ID_9002682113889454,363,0.07972800231936007
ID_2444779633081185,362,0.07950836594933428
ID_8463458737785676,361,0.07928872957930849
ID_7873530684119035,359,0.07884945683925693
ID_1364246301366731,359,0.07884945683925693
ID_7456235597127456,359,0.07884945683925693
ID_5390871764659439,359,0.07884945683925693
ID_0654596992211296,358,0.07862982046923114
ID_5373038582397407,358,0.07862982046923114
ID_3445472713137548,356,0.07819054772917958
ID_0161925591909696,356,0.07819054772917958
ID_4936589226816960,356,0.07819054772917958
ID_5240388600131197,352,0.07731200224907643
ID_5183458350445779,352,0.07731200224907643
ID_1248448556190472,352,0.07731200224907643
ID_3256932358053453,352,0.07731200224907643
ID_6806598641626508,352,0.07731200224907643
ID_7420544439193388,351,0.07709236587905065
ID_5187181156228197,351,0.07709236587905065
ID_2562159376424787,350,0.07687272950902486
ID_7082447037374118,350,0.07687272950902486
ID_6460447408144781,350,0.07687272950902486
ID_4804205224697296,348,0.07643345676897328
ID_1187896035778213,348,0.07643345676897328
ID_8901320181295016,346,0.07599418402892172
ID_7312223977002681,346,0.07599418402892172
ID_5265254209364825,346,0.07599418402892172
ID_7363908432737523,346,0.07599418402892172
ID_8903183021436431,344,0.07555491128887015
ID_7966465975599953,343,0.07533527491884436
ID_6266684004174408,343,0.07533527491884436
ID_9479420856670926,341,0.07489600217879279
ID_3165995344927892,340,0.074676365808767
ID_8318944131166018,340,0.074676365808767
ID_6161888127051479,340,0.074676365808767
ID_2555147881487724,339,0.07445672943874122
ID_1779931169656381,335,0.07357818395863808
ID_3394181280355442,334,0.0733585475886123
ID_3837157956819433,333,0.07313891121858651
ID_1717412318563908,333,0.07313891121858651
ID_8835491732653277,333,0.07313891121858651
ID_2280062846829854,332,0.07291927484856073
ID_2034064321016097,331,0.07269963847853493
ID_3314639624288740,331,0.07269963847853493
ID_1041565102315246,330,0.07248000210850915
ID_2647529909397336,329,0.07226036573848336
ID_0321740024191482,329,0.07226036573848336
ID_5873636553295704,329,0.07226036573848336
ID_3668865753002430,328,0.07204072936845758
ID_4357242053529029,327,0.0718210929984318
ID_2129963760543898,325,0.07138182025838023
ID_2938011667744143,324,0.07116218388835444
ID_7938521661726069,323,0.07094254751832865
ID_0398100561592326,323,0.07094254751832865
ID_3457219624656691,322,0.07072291114830287
ID_2137955582623291,322,0.07072291114830287
ID_5633763429024541,322,0.07072291114830287
ID_8059432725797514,321,0.07050327477827709
ID_7529510499149375,320,0.0702836384082513
ID_2044247985726091,320,0.0702836384082513
ID_6455990478032543,319,0.07006400203822552
ID_8243102075060800,319,0.07006400203822552
ID_8860487726074063,318,0.06984436566819972
ID_7483948147827075,318,0.06984436566819972
ID_3274735424220270,317,0.06962472929817394
ID_6812635845529585,317,0.06962472929817394
ID_4787380927153288,317,0.06962472929817394
ID_8280035478871760,316,0.06940509292814816
ID_3205712027513800,316,0.06940509292814816
ID_1870389730408675,315,0.06918545655812237
ID_9217526978424330,314,0.06896582018809659
ID_3964840204818021,314,0.06896582018809659
ID_1510655084439926,314,0.06896582018809659
ID_5493283201428571,313,0.06874618381807081
ID_4139866243228811,312,0.06852654744804501
ID_6377288674588197,312,0.06852654744804501
ID_6985916875607463,312,0.06852654744804501
ID_5814379117254232,312,0.06852654744804501
ID_5832558504922244,311,0.06830691107801923
ID_4999509031047259,311,0.06830691107801923
ID_2791913950833163,311,0.06830691107801923
ID_2725348719800518,309,0.06786763833796766
ID_0676101131499422,307,0.0674283655979161
ID_7969404470516307,306,0.0672087292278903
ID_2323085679807602,306,0.0672087292278903
ID_0564459901385144,305,0.06698909285786452
ID_9707648221123932,303,0.06654982011781295
ID_8492376468047417,303,0.06654982011781295
ID_3641356939660511,302,0.06633018374778717
ID_6532338737692493,302,0.06633018374778717
ID_8306415631811067,302,0.06633018374778717
ID_4090655224279803,301,0.06611054737776138
ID_4961539278604455,300,0.06589091100773559
ID_0353944603330456,299,0.0656712746377098
ID_6372649810646310,298,0.06545163826768402
ID_8293766070107110,295,0.06479272915760667
ID_4043924606392112,294,0.06457309278758089
ID_4150524692179865,294,0.06457309278758089
ID_0373061112091020,293,0.06435345641755509
ID_2935371042756080,293,0.06435345641755509
ID_6972046707805449,293,0.06435345641755509
ID_2209576799096027,292,0.06413382004752931
ID_7426592963217111,292,0.06413382004752931
ID_6996216192141104,292,0.06413382004752931
ID_8056741558903379,292,0.06413382004752931
ID_4589542599288419,291,0.06391418367750352
ID_5305326747268396,291,0.06391418367750352
ID_7937368027614414,291,0.06391418367750352
ID_1128395832959780,291,0.06391418367750352
ID_4755946475264985,290,0.06369454730747774
ID_0612547523125517,290,0.06369454730747774
ID_4336175279058172,290,0.06369454730747774
ID_3091742095568302,290,0.06369454730747774
ID_8391627429679768,290,0.06369454730747774
ID_6413207883357197,290,0.06369454730747774
ID_7645565922415708,289,0.06347491093745196
ID_8496716957724133,289,0.06347491093745196
ID_3402075097829969,288,0.06325527456742618
ID_7997248190492823,288,0.06325527456742618
ID_0524125552949586,287,0.06303563819740038
ID_8752453650114092,287,0.06303563819740038
ID_4933620329566048,287,0.06303563819740038
ID_1976344298387988,286,0.0628160018273746
ID_1325667605623244,286,0.0628160018273746
ID_1530363715825171,285,0.06259636545734881
ID_7275057980870698,284,0.06237672908732303
ID_1361522424662664,284,0.06237672908732303
ID_0492925975883915,284,0.06237672908732303
ID_3033400086575581,284,0.06237672908732303
ID_7248774319455970,283,0.06215709271729724
ID_7729955482153416,283,0.06215709271729724
ID_1051299337471169,282,0.061937456347271456
ID_3784957422020764,281,0.06171781997724567
ID_7216344229807186,281,0.06171781997724567
ID_7359896733836304,281,0.06171781997724567
ID_3603011798628583,281,0.06171781997724567
ID_6899498686139516,280,0.06149818360721988
ID_7259294879683133,280,0.06149818360721988
ID_2538869394815421,279,0.0612785472371941
ID_7320090199496500,279,0.0612785472371941
ID_0484982277336205,277,0.060839274497142534
ID_5898801580033554,277,0.060839274497142534
ID_8647270006257055,277,0.060839274497142534
ID_5370050614825156,276,0.060619638127116744
ID_0578253829444920,275,0.06040000175709096
ID_3306508070151070,273,0.05996072901703939
ID_2833240474723324,272,0.059741092647013605
ID_6249814039461102,272,0.059741092647013605
ID_6786625245467484,272,0.059741092647013605
ID_7454736736043931,272,0.059741092647013605
ID_3477269475651042,271,0.05952145627698782
ID_3222014752923501,271,0.05952145627698782
ID_0852938701434556,270,0.05930181990696203
ID_7690248628577122,269,0.05908218353693625
ID_6310868104861653,269,0.05908218353693625
ID_5377746284077362,269,0.05908218353693625
ID_4609096963207702,269,0.05908218353693625
ID_1324552190537148,268,0.058862547166910466
ID_4149038575526706,268,0.058862547166910466
ID_8031266925341697,267,0.058642910796884676
ID_3790201696145434,265,0.05820363805683311
ID_4962820320879891,265,0.05820363805683311
ID_1612969183171944,265,0.05820363805683311
ID_5373491670322208,264,0.05798400168680732
ID_4109929118508186,264,0.05798400168680732
ID_9089204821424223,264,0.05798400168680732
ID_2644217574349073,264,0.05798400168680732
ID_0934428004504955,263,0.05776436531678154
ID_8302650734477213,262,0.057544728946755754
ID_1428637808064409,262,0.057544728946755754
ID_0308213196926774,261,0.057325092576729964
ID_9529870514669368,261,0.057325092576729964
ID_8479803539567479,261,0.057325092576729964
ID_4394162331037750,260,0.05710545620670418
ID_6231675319360093,260,0.05710545620670418
ID_6535298436643783,260,0.05710545620670418
ID_6450292906586525,259,0.0568858198366784
ID_5945879465310813,259,0.0568858198366784
ID_4407403389440011,258,0.05666618346665261
ID_5436929276473133,258,0.05666618346665261
ID_0639583185408398,256,0.05622691072660104
ID_6200337581440834,256,0.05622691072660104
ID_1569228929685657,255,0.05600727435657525
ID_2248201275641475,255,0.05600727435657525
ID_7645303175022454,254,0.05578763798654947
ID_4768528057390837,254,0.05578763798654947
ID_8555278845050226,254,0.05578763798654947
ID_4643608666899616,254,0.05578763798654947
ID_5733639342016958,254,0.05578763798654947
ID_1177858154250011,253,0.055568001616523685
ID_2876196606157039,253,0.055568001616523685
ID_5112000100248158,253,0.055568001616523685
ID_2918420759847932,252,0.055348365246497895
ID_0189095897739979,252,0.055348365246497895
ID_8721994758453503,252,0.055348365246497895
ID_5667657258894864,252,0.055348365246497895
ID_9395715443254344,251,0.05512872887647211
ID_5076790300436750,251,0.05512872887647211
ID_9518540102256518,250,0.05490909250644633
ID_3347815035685882,250,0.05490909250644633
ID_3429432950576137,250,0.05490909250644633
ID_1183078302328411,250,0.05490909250644633
ID_5472512244993546,249,0.05468945613642054
ID_6900410067408108,248,0.054469819766394756
ID_1455327138239823,248,0.054469819766394756
ID_0089739298242263,248,0.054469819766394756
ID_1668340601837069,248,0.054469819766394756
ID_5379515759830546,248,0.054469819766394756
ID_6601047915062407,248,0.054469819766394756
ID_6233887751567079,248,0.054469819766394756
ID_2815105916715425,247,0.05425018339636897
ID_7728389320504879,246,0.05403054702634318
ID_9093965063812492,245,0.0538109106563174
ID_0198281726965444,243,0.053371637916265834
ID_4679830870331445,242,0.053152001546240044
ID_7430030311775522,242,0.053152001546240044
ID_2691497637313274,242,0.053152001546240044
ID_0649912135067700,241,0.05293236517621426
ID_7943088143954973,241,0.05293236517621426
ID_0486569206159968,241,0.05293236517621426
ID_8602960801642916,241,0.05293236517621426
ID_0848413770343284,241,0.05293236517621426
ID_5957855817378897,241,0.05293236517621426
ID_7285303481051362,240,0.05271272880618848
ID_5527372479338852,240,0.05271272880618848
ID_3900177177421722,240,0.05271272880618848
ID_0412902005436369,240,0.05271272880618848
ID_4415912100389601,240,0.05271272880618848
ID_1734032782594771,239,0.05249309243616269
ID_1680065573338339,239,0.05249309243616269
ID_5170293352882261,239,0.05249309243616269
ID_9404945858555096,238,0.052273456066136904
ID_6327043382765149,238,0.052273456066136904
ID_2888737036015916,236,0.05183418332608533
ID_1759328747578795,236,0.05183418332608533
ID_9065501029560884,235,0.05161454695605955
ID_1278004515460973,235,0.05161454695605955
ID_4470985193764980,235,0.05161454695605955
ID_4675204840701752,235,0.05161454695605955
ID_7199755730477708,234,0.051394910586033765
ID_8938461112152405,234,0.051394910586033765
ID_4300201078050323,234,0.051394910586033765
ID_8457699943400994,233,0.051175274216007975
ID_0654750186618555,233,0.051175274216007975
ID_4501155453484456,233,0.051175274216007975
ID_4719266902582313,233,0.051175274216007975
ID_0961955935523938,232,0.05095563784598219
ID_1994317879078816,232,0.05095563784598219
ID_7606805059403041,232,0.05095563784598219
ID_5618495903090773,230,0.05051636510593062
ID_5681875789500232,230,0.05051636510593062
ID_1670622312616696,230,0.05051636510593062
ID_1528177121436914,230,0.05051636510593062
ID_2713375538068664,230,0.05051636510593062
ID_0621002533579104,229,0.050296728735904836
ID_3174964298120701,229,0.050296728735904836
ID_0094007714707651,228,0.05007709236587905
ID_2798283991743817,228,0.05007709236587905
ID_2302314954133011,228,0.05007709236587905
ID_6446612054631446,228,0.05007709236587905
ID_0211323355347168,228,0.05007709236587905
ID_0143397497562314,228,0.05007709236587905
ID_7999725101052805,227,0.04985745599585326
ID_9578832375902806,227,0.04985745599585326
ID_0607115205166943,227,0.04985745599585326
ID_1043606043814998,226,0.04963781962582748
ID_2957078821185186,226,0.04963781962582748
ID_6499108085922209,226,0.04963781962582748
ID_2248844091470333,226,0.04963781962582748
ID_0472856771871140,225,0.0494181832558017
ID_7698857382467031,225,0.0494181832558017
ID_6912702802413733,224,0.04919854688577591
ID_2220699289355930,224,0.04919854688577591
ID_7249500407405478,224,0.04919854688577591
ID_7107963864874501,224,0.04919854688577591
ID_8080838290715777,224,0.04919854688577591
ID_7708469164258322,223,0.048978910515750124
ID_3675336131283739,223,0.048978910515750124
ID_9361477493709726,223,0.048978910515750124
ID_0720020819590155,222,0.04875927414572434
ID_3309342336039521,222,0.04875927414572434
ID_3527197809276361,221,0.04853963777569855
ID_2110280056340736,221,0.04853963777569855
ID_1409610093547012,221,0.04853963777569855
ID_3663976246405654,220,0.04832000140567277
ID_0516263904806475,220,0.04832000140567277
ID_6425044612146340,220,0.04832000140567277
ID_4703015447173949,219,0.048100365035646984
ID_2529945687863385,219,0.048100365035646984
ID_3996404760945509,218,0.047880728665621194
ID_6207084434110255,218,0.047880728665621194
ID_3794241680729178,217,0.04766109229559541
ID_8971623116160175,217,0.04766109229559541
ID_5717546460597615,217,0.04766109229559541
ID_9171504422944800,217,0.04766109229559541
ID_0145887238250184,216,0.04744145592556963
ID_0766190838110725,215,0.04722181955554384
ID_5384883934019911,215,0.04722181955554384
ID_1351748125964309,214,0.047002183185518055
ID_3828820650816481,214,0.047002183185518055
ID_8614762185596299,214,0.047002183185518055
ID_3638659317775453,213,0.04678254681549227
ID_0715975668333522,213,0.04678254681549227
ID_3752951275341381,213,0.04678254681549227
ID_3223135002950210,213,0.04678254681549227
ID_1971734589534354,212,0.04656291044546649
ID_0574758575822571,212,0.04656291044546649
ID_5605590098640584,211,0.0463432740754407
ID_8659496864305621,211,0.0463432740754407
ID_6089287551555329,210,0.046123637705414916
ID_0036129846822289,210,0.046123637705414916
ID_6785547194105600,209,0.04590400133538913
ID_6492048904483467,209,0.04590400133538913
ID_1885766127325722,209,0.04590400133538913
ID_0007332204631197,209,0.04590400133538913
ID_0384816069731675,208,0.04568436496536334
ID_8516223928904348,208,0.04568436496536334
ID_7556393484185237,208,0.04568436496536334
ID_5554472337681978,208,0.04568436496536334
ID_6474240798904132,207,0.04546472859533756
ID_3971396576832634,207,0.04546472859533756
ID_0333795175458545,206,0.04524509222531178
ID_1008924786363328,206,0.04524509222531178
ID_6420054948441113,205,0.04502545585528599
ID_1050516524103988,205,0.04502545585528599
ID_4568229398778798,205,0.04502545585528599
ID_8867390850809735,205,0.04502545585528599
ID_4463851260628939,204,0.044805819485260204
ID_0471595469074043,204,0.044805819485260204
ID_7707689065994575,204,0.044805819485260204
ID_5136341885052869,204,0.044805819485260204
ID_2364016372924935,203,0.04458618311523442
ID_6408169127073219,203,0.04458618311523442
ID_2562652838103607,203,0.04458618311523442
ID_0382135664206404,203,0.04458618311523442
ID_4344790398205987,203,0.04458618311523442
ID_3192535148881095,203,0.04458618311523442
ID_5262142272147984,203,0.04458618311523442
ID_6885920219067791,202,0.04436654674520863
ID_8870539749821067,202,0.04436654674520863
ID_6118207071870406,201,0.04414691037518285
ID_7615891473051775,201,0.04414691037518285
ID_3559042497669898,201,0.04414691037518285
ID_1329671245559098,200,0.043927274005157065
ID_7464190101117707,200,0.043927274005157065
ID_0370020634398898,200,0.043927274005157065
ID_7168284647925847,199,0.043707637635131275
ID_4095512091254454,199,0.043707637635131275
ID_5858842244938381,199,0.043707637635131275
ID_6631439861070680,199,0.043707637635131275
ID_1914271225987860,199,0.043707637635131275
ID_7440413221171078,199,0.043707637635131275
ID_8455588138553589,199,0.043707637635131275
ID_4830182825385638,198,0.04348800126510549
ID_1722453671104980,198,0.04348800126510549
ID_3376750892363066,198,0.04348800126510549
ID_0751166458904189,197,0.04326836489507971
ID_0473342349140026,197,0.04326836489507971
ID_7881527576747420,197,0.04326836489507971
ID_3163271519013006,197,0.04326836489507971
ID_2679480309784746,196,0.04304872852505392
ID_4031565135568125,196,0.04304872852505392
ID_1055919327809289,196,0.04304872852505392
ID_1450994881555781,196,0.04304872852505392
ID_7196654947156785,195,0.042829092155028135
ID_3125269649173653,195,0.042829092155028135
ID_3387018530825694,194,0.04260945578500235
ID_4892401475655718,194,0.04260945578500235
ID_3569531507114017,194,0.04260945578500235
ID_4762940910820774,194,0.04260945578500235
ID_6046165866539973,193,0.04238981941497656
ID_2627414712422817,193,0.04238981941497656
ID_6885901755516721,193,0.04238981941497656
ID_5911570002355863,192,0.04217018304495078
ID_0419443097971251,191,0.041950546674924996
ID_6309609498284949,191,0.041950546674924996
ID_4746511137641620,191,0.041950546674924996
ID_5620115591039018,191,0.041950546674924996
ID_5500701970351238,191,0.041950546674924996
ID_3595605534544460,190,0.041730910304899206
ID_9170893104155674,190,0.041730910304899206
ID_3939504645911140,190,0.041730910304899206
ID_6505039023842313,190,0.041730910304899206
ID_1290711673273506,189,0.04151127393487342
ID_2929963416385218,188,0.04129163756484764
ID_3438388225100072,188,0.04129163756484764
ID_3859775879893716,188,0.04129163756484764
ID_1519722333222743,188,0.04129163756484764
ID_7315358137176715,188,0.04129163756484764
ID_2270654658839508,188,0.04129163756484764
ID_8219997657167540,188,0.04129163756484764
ID_1000622852662099,188,0.04129163756484764
ID_9763437636509266,187,0.04107200119482185
ID_4542759243110371,187,0.04107200119482185
ID_4125254830545309,187,0.04107200119482185
ID_4256595317953538,186,0.04085236482479607
ID_1113234690255161,186,0.04085236482479607
ID_2538126257160174,186,0.04085236482479607
ID_0990344839864230,186,0.04085236482479607
ID_0095550072802463,186,0.04085236482479607
ID_2402401592333107,185,0.040632728454770284
ID_2097340857065853,185,0.040632728454770284
ID_7581282834093314,184,0.040413092084744494
ID_7233450359051249,184,0.040413092084744494
ID_2653769170795641,184,0.040413092084744494
ID_3427260889880733,184,0.040413092084744494
ID_0228970585981305,184,0.040413092084744494
ID_5588600593216123,183,0.04019345571471871
ID_3850342002270325,183,0.04019345571471871
ID_7495729402863374,183,0.04019345571471871
ID_0509655225224036,182,0.03997381934469293
ID_6150649178925775,182,0.03997381934469293
ID_5822763057370791,182,0.03997381934469293
ID_3166198706411520,181,0.03975418297466714
ID_4602221579308599,181,0.03975418297466714
ID_2247991541439424,180,0.039534546604641355
ID_3769826743537934,180,0.039534546604641355
ID_7040082970555770,180,0.039534546604641355
ID_3516498227896709,180,0.039534546604641355
ID_1883927036650646,180,0.039534546604641355
ID_9080862012369372,180,0.039534546604641355
ID_8340344332209795,179,0.03931491023461557
ID_8904044191613796,179,0.03931491023461557
ID_4212950768814450,179,0.03931491023461557
ID_2170299963939072,179,0.03931491023461557
ID_5552833362200954,178,0.03909527386458979
ID_1805029396938951,177,0.038875637494564
ID_1123376648713853,177,0.038875637494564
ID_5759795720652106,177,0.038875637494564
ID_3259216014182020,176,0.038656001124538215
ID_6041333024387123,176,0.038656001124538215
ID_1234565160573730,176,0.038656001124538215
ID_7435229418765108,176,0.038656001124538215
ID_2329499237357364,176,0.038656001124538215
ID_7031429231827290,176,0.038656001124538215
ID_7161963144100182,175,0.03843636475451243
ID_0455487141833418,175,0.03843636475451243
ID_2935052598064187,174,0.03821672838448664
ID_7346780267959997,174,0.03821672838448664
ID_1747170505344631,173,0.03799709201446086
ID_2658762200370578,173,0.03799709201446086
ID_5860088594236271,173,0.03799709201446086
ID_0063745071964255,173,0.03799709201446086
ID_3589012014320121,172,0.037777455644435076
ID_0904596179326111,171,0.037557819274409286
ID_1258429277577053,171,0.037557819274409286
ID_2194175558834284,171,0.037557819274409286
ID_2861424806494103,171,0.037557819274409286
ID_2427045424896409,171,0.037557819274409286
ID_1606080164385644,170,0.0373381829043835
ID_3787147041050694,170,0.0373381829043835
ID_8547934593183920,169,0.03711854653435772
ID_2116015069218871,169,0.03711854653435772
ID_0976385386657517,169,0.03711854653435772
ID_5996993884846655,169,0.03711854653435772
ID_6198328194771800,168,0.03689891016433193
ID_0539134068708725,168,0.03689891016433193
ID_4550717883781091,167,0.03667927379430615
ID_2850235880560929,166,0.036459637424280364
ID_2951269593210008,166,0.036459637424280364
ID_4639530865431823,165,0.036240001054254574
ID_4792955482152100,165,0.036240001054254574
ID_3669511350633933,165,0.036240001054254574
ID_2065104260659969,164,0.03602036468422879
ID_8488895049659124,164,0.03602036468422879
ID_7254377052595883,164,0.03602036468422879
ID_7797886762703247,163,0.03580072831420301
ID_1177407730126204,163,0.03580072831420301
ID_8716772787552224,163,0.03580072831420301
ID_3583817683372046,162,0.03558109194417722
ID_1602277501575415,162,0.03558109194417722
ID_2019624495480547,162,0.03558109194417722
ID_7057449448661416,162,0.03558109194417722
ID_5368167403557640,162,0.03558109194417722
ID_6055327284413923,161,0.035361455574151435
ID_0717133384261187,161,0.035361455574151435
ID_8855936483074666,161,0.035361455574151435
ID_8333591932027056,161,0.035361455574151435
ID_8102993969523532,160,0.03514181920412565
ID_2864595160355410,160,0.03514181920412565
ID_2339346345530509,160,0.03514181920412565
ID_9527193250756102,160,0.03514181920412565
ID_8486464868891415,160,0.03514181920412565
ID_4765080870408661,159,0.03492218283409986
ID_7282243679498643,159,0.03492218283409986
ID_3979449149442968,158,0.03470254646407408
ID_7050638697696950,158,0.03470254646407408
ID_2947188782090542,158,0.03470254646407408
ID_9523087479617594,158,0.03470254646407408
ID_1980789059908737,157,0.034482910094048295
ID_2892051287737605,157,0.034482910094048295
ID_3413970389346369,157,0.034482910094048295
ID_6029111646602279,157,0.034482910094048295
ID_8606116806263977,157,0.034482910094048295
ID_2404041740930079,157,0.034482910094048295
ID_1750852376922258,156,0.034263273724022505
ID_1372738121180882,156,0.034263273724022505
ID_7605473235519650,156,0.034263273724022505
ID_1727283700680766,156,0.034263273724022505
ID_6009627088282581,156,0.034263273724022505
ID_8508457798254482,154,0.03382400098397094
ID_0138378882454566,154,0.03382400098397094
ID_6646435354431954,153,0.03360436461394515
ID_0408002839687344,153,0.03360436461394515
ID_4671203889895341,153,0.03360436461394515
ID_5420932551635217,153,0.03360436461394515
ID_8415872554112911,153,0.03360436461394515
ID_4594174520904857,153,0.03360436461394515
ID_8976306450816308,153,0.03360436461394515
ID_1608392890165390,153,0.03360436461394515
ID_5606850513813191,152,0.033384728243919366
ID_4280649883963631,152,0.033384728243919366
ID_7305428791149745,152,0.033384728243919366
ID_0151036146060526,152,0.033384728243919366
ID_1405345303844318,152,0.033384728243919366
ID_5450087410078221,152,0.033384728243919366
ID_2382469130424035,151,0.03316509187389358
ID_6319604227674654,151,0.03316509187389358
ID_6225394638610694,151,0.03316509187389358
ID_6928187292584643,151,0.03316509187389358
ID_0004473428354479,150,0.03294545550386779
ID_5572050278838550,150,0.03294545550386779
ID_5653559772140199,150,0.03294545550386779
ID_7967486980814458,149,0.03272581913384201
ID_0164449213607380,149,0.03272581913384201
ID_7551488096449640,149,0.03272581913384201
ID_9482625774233084,149,0.03272581913384201
ID_4991370267086347,148,0.03250618276381623
ID_0883967020061181,148,0.03250618276381623
ID_1802668440782138,148,0.03250618276381623
ID_3182841849332242,148,0.03250618276381623
ID_4259402010746015,148,0.03250618276381623
ID_3150103492877008,147,0.032286546393790444
ID_8298199857246323,147,0.032286546393790444
ID_7705487128433052,147,0.032286546393790444
ID_0611351138131709,145,0.03184727365373887
ID_8819255631696337,145,0.03184727365373887
ID_6682919653508224,145,0.03184727365373887
ID_2253678905578777,144,0.03162763728371309
ID_8045962313218352,144,0.03162763728371309
ID_7206289057139883,144,0.03162763728371309
ID_7565192274317470,143,0.0314080009136873
ID_6998917765406696,143,0.0314080009136873
ID_5162043375426666,143,0.0314080009136873
ID_2018317447324228,143,0.0314080009136873
ID_2086707959173246,143,0.0314080009136873
ID_6738987664840341,143,0.0314080009136873
ID_7913302545613108,142,0.031188364543661515
ID_1966638146185479,142,0.031188364543661515
ID_4073088744952858,142,0.031188364543661515
ID_7569445393485879,142,0.031188364543661515
ID_3661952638867868,142,0.031188364543661515
ID_4236800519243308,141,0.030968728173635728
ID_2471578430392531,141,0.030968728173635728
ID_8600906973888297,141,0.030968728173635728
ID_5006741787749124,141,0.030968728173635728
ID_3319303431365448,140,0.03074909180360994
ID_2841235947648623,140,0.03074909180360994
ID_3451466269572749,139,0.03052945543358416
ID_1708237858198821,139,0.03052945543358416
ID_7233767393471644,139,0.03052945543358416
ID_6418711808050575,139,0.03052945543358416
ID_9981984419027348,138,0.030309819063558372
ID_0182863293347169,138,0.030309819063558372
ID_6072951820735063,138,0.030309819063558372
ID_4698230094310892,137,0.03009018269353259
ID_5877415967509579,137,0.03009018269353259
ID_2770300692287670,137,0.03009018269353259
ID_1827829018668226,137,0.03009018269353259
ID_0351531509597193,137,0.03009018269353259
ID_2169077750473763,136,0.029870546323506802
ID_0774104601063155,136,0.029870546323506802
ID_8509299951934973,136,0.029870546323506802
ID_3012908001422868,136,0.029870546323506802
ID_6604074224038905,136,0.029870546323506802
ID_1262866723506084,136,0.029870546323506802
ID_0203267762283972,136,0.029870546323506802
ID_6911356765220023,136,0.029870546323506802
ID_7591029585871788,135,0.029650909953481016
ID_5625607708848040,134,0.029431273583455233
ID_6807553800607803,134,0.029431273583455233
ID_5428410587250830,134,0.029431273583455233
ID_1729487902904332,134,0.029431273583455233
ID_4627360041573918,133,0.029211637213429446
ID_7618815981603087,133,0.029211637213429446
ID_1049734269570870,133,0.029211637213429446
ID_0293321489114247,133,0.029211637213429446
ID_6086190357278633,132,0.02899200084340366
ID_3350273914280971,132,0.02899200084340366
ID_5113998301069032,132,0.02899200084340366
ID_4692364565124711,132,0.02899200084340366
ID_8852973471847843,132,0.02899200084340366
ID_4854372533657671,131,0.028772364473377877
ID_0821562324429813,131,0.028772364473377877
ID_1103843322667635,131,0.028772364473377877
ID_5215677939309020,131,0.028772364473377877
ID_5105401635003548,131,0.028772364473377877
ID_9973065319516772,130,0.02855272810335209
ID_5828464492633734,130,0.02855272810335209
ID_5104380991908142,128,0.02811345536330052
ID_1616454163444935,128,0.02811345536330052
ID_7927685281122435,128,0.02811345536330052
ID_4006510528939253,128,0.02811345536330052
ID_2703079636251098,128,0.02811345536330052
ID_1387531666012807,127,0.027893818993274734
ID_1896106488323757,127,0.027893818993274734
ID_0247863649039393,127,0.027893818993274734
ID_6150944383255830,126,0.027674182623248948
ID_6813736989856243,126,0.027674182623248948
ID_6572298923055649,126,0.027674182623248948
ID_4750709016042276,126,0.027674182623248948
ID_6898659315585888,125,0.027454546253223164
ID_0447165000513961,125,0.027454546253223164
ID_1106609472179988,124,0.027234909883197378
ID_1840336983035010,124,0.027234909883197378
ID_7686288360297015,124,0.027234909883197378
ID_1721596116332386,124,0.027234909883197378
ID_6509414402989975,123,0.02701527351317159
ID_4713778521629486,123,0.02701527351317159
ID_6886593430683676,123,0.02701527351317159
ID_3551809247862378,122,0.02679563714314581
ID_0737720586420784,122,0.02679563714314581
ID_8280978457776741,122,0.02679563714314581
ID_0251394799200508,121,0.026576000773120022
ID_5465930712415985,121,0.026576000773120022
ID_1383177933306046,121,0.026576000773120022
ID_2011798051420211,121,0.026576000773120022
ID_6286838179330044,121,0.026576000773120022
ID_5194381227316437,121,0.026576000773120022
ID_6804862188196445,121,0.026576000773120022
ID_7328854929044759,120,0.02635636440309424
ID_1511271976880714,120,0.02635636440309424
ID_1508456345535914,120,0.02635636440309424
ID_1132672107627968,120,0.02635636440309424
ID_0442161398765567,119,0.026136728033068452
ID_3446817929796674,119,0.026136728033068452
ID_0229339143607870,119,0.026136728033068452
ID_4073113061295309,119,0.026136728033068452
ID_0061972656195816,119,0.026136728033068452
ID_2887736963561252,119,0.026136728033068452
ID_5266453653764376,119,0.026136728033068452
ID_4933326132948063,119,0.026136728033068452
ID_9342074717900720,118,0.025917091663042666
ID_5456839333813472,118,0.025917091663042666
ID_7417258240533689,118,0.025917091663042666
ID_0831151849844477,117,0.025697455293016883
ID_4894706050600687,117,0.025697455293016883
ID_4985544206160545,117,0.025697455293016883
ID_2854771102810220,117,0.025697455293016883
ID_9836776931160228,117,0.025697455293016883
ID_5571899755175457,116,0.025477818922991096
ID_9279262545449206,116,0.025477818922991096
ID_1124100372440117,115,0.02525818255296531
ID_8817420732602033,115,0.02525818255296531
ID_5680428710939826,115,0.02525818255296531
ID_7853140708995178,114,0.025038546182939526
ID_1066462335621573,114,0.025038546182939526
ID_2985658685449858,114,0.025038546182939526
ID_3870300970951275,114,0.025038546182939526
ID_5415710300902388,114,0.025038546182939526
ID_1104988511999827,113,0.02481890981291374
ID_7279612728721005,113,0.02481890981291374
ID_8336765967978370,113,0.02481890981291374
ID_5923720330718235,113,0.02481890981291374
ID_0681322721384641,112,0.024599273442887953
ID_7014991384513854,112,0.024599273442887953
ID_4254001833729264,112,0.024599273442887953
ID_7525404075009709,112,0.024599273442887953
ID_6072065135325168,112,0.024599273442887953
ID_3730620853566536,112,0.024599273442887953
ID_7088639503480810,112,0.024599273442887953
ID_3867942762661182,112,0.024599273442887953
ID_0232526330657129,111,0.02437963707286217
ID_8892860312621183,111,0.02437963707286217
ID_3470407274471561,110,0.024160000702836384
ID_0144465590218939,110,0.024160000702836384
ID_8918399592544099,110,0.024160000702836384
ID_8972547506863523,109,0.023940364332810597
ID_4767998352165705,109,0.023940364332810597
ID_0211300683784278,109,0.023940364332810597
ID_6710074203174471,109,0.023940364332810597
ID_1896514405880465,108,0.023720727962784814
ID_0627069259285805,108,0.023720727962784814
ID_1326529185989327,108,0.023720727962784814
ID_1619120304203132,108,0.023720727962784814
ID_1339618330655263,108,0.023720727962784814
ID_5990729462575602,108,0.023720727962784814
ID_2391615767440759,108,0.023720727962784814
ID_7821202163306775,107,0.023501091592759028
ID_9896747816468168,107,0.023501091592759028
ID_4120322936662925,107,0.023501091592759028
ID_5635972225700254,107,0.023501091592759028
ID_3738807633557034,107,0.023501091592759028
ID_0535860239259102,107,0.023501091592759028
ID_0084300900034108,107,0.023501091592759028
ID_4928616387172275,106,0.023281455222733245
ID_9856332816841794,106,0.023281455222733245
ID_3753627053150603,105,0.023061818852707458
ID_8209219651894646,105,0.023061818852707458
ID_7634526007103037,105,0.023061818852707458
ID_4679068868095356,105,0.023061818852707458
ID_8400994037688251,104,0.02284218248268167
ID_5557224649687028,104,0.02284218248268167
ID_2513765362378596,104,0.02284218248268167
ID_6712204853062196,104,0.02284218248268167
ID_1190700200800606,103,0.02262254611265589
ID_3059638279617376,103,0.02262254611265589
ID_3886712611757992,103,0.02262254611265589
ID_2538824540800669,102,0.022402909742630102
ID_3417734567782570,102,0.022402909742630102
ID_8273262094488441,102,0.022402909742630102
ID_2046981671187343,102,0.022402909742630102
ID_9222328149519812,102,0.022402909742630102
ID_0170762259145267,102,0.022402909742630102
ID_9071551767043294,101,0.022183273372604315
ID_5984945942545807,101,0.022183273372604315
ID_0202840339575079,101,0.022183273372604315
ID_7866377101423210,101,0.022183273372604315
ID_1878688743763378,101,0.022183273372604315
ID_4937676152604286,100,0.021963637002578532
ID_9106641700554750,100,0.021963637002578532
ID_5014603660790632,100,0.021963637002578532
ID_6775629541151867,100,0.021963637002578532
ID_4054756781423727,100,0.021963637002578532
ID_4287647692016596,100,0.021963637002578532
ID_4895231407900749,100,0.021963637002578532
ID_7864739127485412,100,0.021963637002578532
ID_4842733764531027,99,0.021744000632552746
ID_8671745801940831,99,0.021744000632552746
ID_2515147908021339,99,0.021744000632552746
ID_6155202940087696,98,0.02152436426252696
ID_7385883792624886,98,0.02152436426252696
ID_6405951782839858,98,0.02152436426252696
ID_5330038705900274,98,0.02152436426252696
ID_7304216246785522,98,0.02152436426252696
ID_2924634223083790,98,0.02152436426252696
ID_1241656328850074,98,0.02152436426252696
ID_9092018794878372,97,0.021304727892501176
ID_3774796917452801,97,0.021304727892501176
ID_4051248293039990,96,0.02108509152247539
ID_5978913916143327,96,0.02108509152247539
ID_7053039409324203,96,0.02108509152247539
ID_0263742679377591,95,0.020865455152449603
ID_0378897709136226,95,0.020865455152449603
ID_0653707912025034,95,0.020865455152449603
ID_1601050225496140,95,0.020865455152449603
ID_6167112361623319,95,0.020865455152449603
ID_6374279398246756,94,0.02064581878242382
ID_8393091904397047,94,0.02064581878242382
ID_4061301060228632,94,0.02064581878242382
ID_2275032719586397,94,0.02064581878242382
ID_6212006974231025,94,0.02064581878242382
ID_1361624597372651,93,0.020426182412398033
ID_7927416076958362,93,0.020426182412398033
ID_1085274416109765,93,0.020426182412398033
ID_2377601975207604,92,0.020206546042372247
ID_3792275882221002,92,0.020206546042372247
ID_1450381701086387,92,0.020206546042372247
ID_1138639549823932,92,0.020206546042372247
ID_0370224663642100,91,0.019986909672346464
ID_5012323059073352,91,0.019986909672346464
ID_8542579855895033,91,0.019986909672346464
ID_7358557068732556,91,0.019986909672346464
ID_5994153651109853,91,0.019986909672346464
ID_1133302125160725,90,0.019767273302320677
ID_4643189791834470,89,0.019547636932294894
ID_7909389621807467,89,0.019547636932294894
ID_2121686219033754,89,0.019547636932294894
ID_7137178343756327,89,0.019547636932294894
ID_2506452256257692,89,0.019547636932294894
ID_3066548138105145,88,0.019328000562269108
ID_6217509029802638,88,0.019328000562269108
ID_3150074537946167,88,0.019328000562269108
ID_6654943686635661,88,0.019328000562269108
ID_5936682335701497,88,0.019328000562269108
ID_3172179226768630,87,0.01910836419224332
ID_5391801774050611,87,0.01910836419224332
ID_0214033967250240,87,0.01910836419224332
ID_6171517695707255,87,0.01910836419224332
ID_7299082066704598,87,0.01910836419224332
ID_8664169441117482,86,0.018888727822217538
ID_1324132789176127,86,0.018888727822217538
ID_8413008847105670,86,0.018888727822217538
ID_0883514984489904,86,0.018888727822217538
ID_1525717947689076,86,0.018888727822217538
ID_1990435630619505,85,0.01866909145219175
ID_0600862973859542,85,0.01866909145219175
ID_2931270888717344,85,0.01866909145219175
ID_4608001746330875,85,0.01866909145219175
ID_3362937671462104,84,0.018449455082165965
ID_3874886795138290,84,0.018449455082165965
ID_9513562131313692,84,0.018449455082165965
ID_8355947667910941,84,0.018449455082165965
ID_2680905746363331,83,0.018229818712140182
ID_8133660776746187,83,0.018229818712140182
ID_1218389465274602,83,0.018229818712140182
ID_1154078371182103,83,0.018229818712140182
ID_1263334983122560,82,0.018010182342114395
ID_4758706187939581,82,0.018010182342114395
ID_1433102143096276,82,0.018010182342114395
ID_1153835367118420,82,0.018010182342114395
ID_4671775690334406,81,0.01779054597208861
ID_3852736184581900,81,0.01779054597208861
ID_6044001261072009,81,0.01779054597208861
ID_0530966378411625,81,0.01779054597208861
ID_2382340975364628,81,0.01779054597208861
ID_5968839321163534,81,0.01779054597208861
ID_2715614477658559,81,0.01779054597208861
ID_8192385731123737,80,0.017570909602062826
ID_2397508258376320,80,0.017570909602062826
ID_5065411466998527,80,0.017570909602062826
ID_8643734175886873,80,0.017570909602062826
ID_9274887847308980,80,0.017570909602062826
ID_8655706520516310,79,0.01735127323203704
ID_2145668168587564,79,0.01735127323203704
ID_6531889931012965,78,0.017131636862011253
ID_3493325384040150,78,0.017131636862011253
ID_0101573130155769,78,0.017131636862011253
ID_8616379159674273,78,0.017131636862011253
ID_3635180022332691,78,0.017131636862011253
ID_3950127945486168,78,0.017131636862011253
ID_4367729354437118,78,0.017131636862011253
ID_6799776599317117,78,0.017131636862011253
ID_4341858493092611,77,0.01691200049198547
ID_4353834821288043,77,0.01691200049198547
ID_8703127071027272,77,0.01691200049198547
ID_2768799008412205,77,0.01691200049198547
ID_7721483148298785,77,0.01691200049198547
ID_1324927877730882,77,0.01691200049198547
ID_2522219947489545,76,0.016692364121959683
ID_7421096523152034,76,0.016692364121959683
ID_7583826391876379,76,0.016692364121959683
ID_5349740107277233,76,0.016692364121959683
ID_0350919410439022,75,0.016472727751933897
ID_4393307698703691,75,0.016472727751933897
ID_4739118307577897,75,0.016472727751933897
ID_4751064542106755,75,0.016472727751933897
ID_9904579095302578,74,0.016253091381908114
ID_1046967561370777,74,0.016253091381908114
ID_4216801992845696,74,0.016253091381908114
ID_0717367953543712,74,0.016253091381908114
ID_9002048584203951,74,0.016253091381908114
ID_1065092574463217,74,0.016253091381908114
ID_8238856071147246,74,0.016253091381908114
ID_7170508510503648,74,0.016253091381908114
ID_2784703187800324,74,0.016253091381908114
ID_0731606611183670,74,0.016253091381908114
ID_2363575151206774,73,0.016033455011882327
ID_7754410281265624,73,0.016033455011882327
ID_4296348942225215,73,0.016033455011882327
ID_9140990601961322,73,0.016033455011882327
ID_9385929088657818,72,0.015813818641856544
ID_2460757456354875,72,0.015813818641856544
ID_7003614933284367,72,0.015813818641856544
ID_6435692548198017,71,0.015594182271830757
ID_3332983150165256,71,0.015594182271830757
ID_6491144323495041,70,0.01537454590180497
ID_5249973626810280,70,0.01537454590180497
ID_7594033934995220,70,0.01537454590180497
ID_7908961016619339,70,0.01537454590180497
ID_8237569228020224,70,0.01537454590180497
ID_0226659493503879,70,0.01537454590180497
ID_4626372929936792,70,0.01537454590180497
ID_3935638786776109,69,0.015154909531779186
ID_3497475658439763,69,0.015154909531779186
ID_7605544176812022,69,0.015154909531779186
ID_7112751029135541,69,0.015154909531779186
ID_6963964477157013,69,0.015154909531779186
ID_4027612512091565,69,0.015154909531779186
ID_7817033448036400,68,0.014935273161753401
ID_3795357176730340,67,0.014715636791727616
ID_1122362218673413,67,0.014715636791727616
ID_4285855851606713,67,0.014715636791727616
ID_3452982259415951,67,0.014715636791727616
ID_7112277465715838,67,0.014715636791727616
ID_9936034232663152,66,0.01449600042170183
ID_8032871065166582,66,0.01449600042170183
ID_8599181647215929,65,0.014276364051676045
ID_1078442022852928,65,0.014276364051676045
ID_8884263402852992,65,0.014276364051676045
ID_1272997735344283,65,0.014276364051676045
ID_5034796789305260,64,0.01405672768165026
ID_7011592935958198,64,0.01405672768165026
ID_2413108146059860,64,0.01405672768165026
ID_0890857354198687,63,0.013837091311624474
ID_6261175351521953,63,0.013837091311624474
ID_6306096928606380,63,0.013837091311624474
ID_8797735093080763,62,0.013617454941598689
ID_6801014238742352,62,0.013617454941598689
ID_9350794843721516,61,0.013397818571572904
ID_7050204388811935,61,0.013397818571572904
ID_3632313056549978,60,0.01317818220154712
ID_4872607031009070,60,0.01317818220154712
ID_4670907354729674,60,0.01317818220154712
ID_3621433615334969,59,0.012958545831521333
ID_7181547335252993,59,0.012958545831521333
ID_4068903193779093,59,0.012958545831521333
ID_8827447995496589,58,0.012738909461495548
ID_1976491943464607,58,0.012738909461495548
ID_4319412527458142,58,0.012738909461495548
ID_8856264804055285,58,0.012738909461495548
ID_3563923906851611,57,0.012519273091469763
ID_1868743035556083,57,0.012519273091469763
ID_8948217221748469,56,0.012299636721443977
ID_1162362624079364,56,0.012299636721443977
ID_0521334155968808,56,0.012299636721443977
ID_6473783273255196,56,0.012299636721443977
ID_8935551668939735,55,0.012080000351418192
ID_3961773765127529,55,0.012080000351418192
ID_1416717596426384,55,0.012080000351418192
ID_4629575839285869,55,0.012080000351418192
ID_0668341723493631,55,0.012080000351418192
ID_1780902767520967,55,0.012080000351418192
ID_5871402136758674,55,0.012080000351418192
ID_8800482045346370,55,0.012080000351418192
ID_7038719270161251,55,0.012080000351418192
ID_4313266994385427,55,0.012080000351418192
ID_4204411370971869,54,0.011860363981392407
ID_5750110298304964,54,0.011860363981392407
ID_9542837933586912,54,0.011860363981392407
ID_3991335284097878,53,0.011640727611366622
ID_8472308116821427,53,0.011640727611366622
ID_1644854912506311,52,0.011421091241340836
ID_8735458741337698,52,0.011421091241340836
ID_2501991149911808,52,0.011421091241340836
ID_0447358942103110,52,0.011421091241340836
ID_3064071594531422,52,0.011421091241340836
ID_5073614861573842,51,0.011201454871315051
ID_3267843405581248,51,0.011201454871315051
ID_2426330204919814,51,0.011201454871315051
ID_7087770133288924,50,0.010981818501289266
ID_9274817658247444,50,0.010981818501289266
ID_9242177701163550,50,0.010981818501289266
ID_5885575084085406,50,0.010981818501289266
ID_0516941410000104,50,0.010981818501289266
ID_7471111924336519,49,0.01076218213126348
ID_0422652925722673,48,0.010542545761237695
ID_1834035455867904,48,0.010542545761237695
ID_4735402469304632,47,0.01032290939121191
ID_2662364620923506,47,0.01032290939121191
ID_1142440384333196,47,0.01032290939121191
ID_3746397954560718,47,0.01032290939121191
ID_0577007377836185,47,0.01032290939121191
ID_1479038203388369,46,0.010103273021186123
ID_4234180673609380,46,0.010103273021186123
ID_3061734732654188,46,0.010103273021186123
ID_3667257393072255,46,0.010103273021186123
ID_6822739927690907,46,0.010103273021186123
ID_0830926768091773,45,0.009883636651160339
ID_3714905065293466,45,0.009883636651160339
ID_8274579818841840,45,0.009883636651160339
ID_7340569532034401,45,0.009883636651160339
ID_0306964533388350,45,0.009883636651160339
ID_7272998564858059,44,0.009664000281134554
ID_3413049864861519,44,0.009664000281134554
ID_7783163368484914,43,0.009444363911108769
ID_1661480072159875,42,0.009224727541082983
ID_0107663107513303,42,0.009224727541082983
ID_1425457857618919,42,0.009224727541082983
ID_2401311988343812,42,0.009224727541082983
ID_2127102036483236,41,0.009005091171057198
ID_7489482613903725,41,0.009005091171057198
ID_4924315260445096,40,0.008785454801031413
ID_1349279406406034,40,0.008785454801031413
ID_7269889225548975,40,0.008785454801031413
ID_3090998656907702,40,0.008785454801031413
ID_3849610589103935,39,0.008565818431005626
ID_8821536792042504,39,0.008565818431005626
ID_7026313596468626,38,0.008346182060979842
ID_3258168964977007,38,0.008346182060979842
ID_1666847480524681,37,0.008126545690954057
ID_4413209638256157,37,0.008126545690954057
ID_8201805132981288,37,0.008126545690954057
ID_7669967284860729,36,0.007906909320928272
ID_4836603877351111,35,0.007687272950902485
ID_4821257969996926,35,0.007687272950902485
ID_8884890472193474,35,0.007687272950902485
ID_3243382843704500,35,0.007687272950902485
ID_6341248082936350,34,0.007467636580876701
ID_1872968283445344,34,0.007467636580876701
ID_3713459809920718,34,0.007467636580876701
ID_0947912377089491,32,0.00702836384082513
ID_8906707362461289,32,0.00702836384082513
ID_1988378870316115,31,0.0068087274707993445
ID_0059762188104357,31,0.0068087274707993445
ID_6004516715704075,31,0.0068087274707993445
ID_1741102469161036,31,0.0068087274707993445
ID_3417554957573089,30,0.00658909110077356
ID_1509294900960066,30,0.00658909110077356
ID_8492267499258500,30,0.00658909110077356
ID_3740757562716147,29,0.006369454730747774
ID_4656875806985353,29,0.006369454730747774
ID_2327252294819099,28,0.006149818360721988
ID_1571839544168040,28,0.006149818360721988
ID_6384773144352915,28,0.006149818360721988
ID_6513224203040781,28,0.006149818360721988
ID_7741121296126010,26,0.005710545620670418
ID_1836274062343953,26,0.005710545620670418
ID_1930698807457777,26,0.005710545620670418
ID_5577871519448957,25,0.005490909250644633
ID_4165114386602896,25,0.005490909250644633
ID_5111918415828587,25,0.005490909250644633
ID_4830050448543240,24,0.005271272880618847
ID_7431674954926317,24,0.005271272880618847
ID_4961446471613279,23,0.005051636510593062
ID_8705409187799501,21,0.004612363770541491
ID_7027246712839262,20,0.0043927274005157065
ID_5381937275780405,19,0.004173091030489921
ID_3155603065610018,17,0.0037338182904383503
ID_7730378702136765,17,0.0037338182904383503
ID_9194357390613404,16,0.003514181920412565
ID_1009007373940269,15,0.00329454555038678
ID_4678263012118887,15,0.00329454555038678
ID_3341755886753117,14,0.003074909180360994
ID_3211921786987598,13,0.002855272810335209
ID_3770706279979377,11,0.0024160000702836385
ID_0271756813168869,10,0.0021963637002578532
ID_6349130857434487,10,0.0021963637002578532
