Autor;nDCG@10;nDCG@20;Precision@5;Precision@10;Precision@20;Recall@5;Recall@10;Recall@20;MAP@10;Coverage@10;Diversity@10;MAP@20;Coverage@20;Diversity@20;Match_Valido@10;Match_Valido@20;Modelo
ID_0144465590218939;0.1363;0.2227;0.2000;0.2000;0.2500;0.0500;0.1000;0.2500;0.0268;0.0182;0.7582;0.0639;0.2273;0.6810;2;5;Qwen3-1.7B-QLoRA
ID_0170762259145267;0.2804;0.1809;0.6000;0.3000;0.1500;0.0698;0.0698;0.0698;0.0698;0.1471;0.0428;0.0698;0.1471;0.0428;3;3;Qwen3-1.7B-QLoRA
ID_0174325304693036;0.2805;0.2778;0.4000;0.4000;0.4000;0.0417;0.0833;0.1667;0.0326;0.1373;0.6607;0.0621;0.2927;0.6377;4;8;Qwen3-1.7B-QLoRA
ID_0228970585981305;0.0000;0.0000;0.0000;0.0000;0.0000;0.0000;0.0000;0.0000;0.0000;0.1957;0.1066;0.0000;0.1957;0.1263;0;0;Qwen3-1.7B-QLoRA
ID_0229339143607870;0.4226;0.2727;0.6000;0.5000;0.2500;0.0857;0.1429;0.1429;0.0833;0.3613;0.2196;0.0833;0.3613;0.2196;5;5;Qwen3-1.7B-QLoRA
ID_0277415539607307;0.3396;0.2192;0.4000;0.2000;0.1000;0.0606;0.0606;0.0606;0.0505;0.2567;0.1350;0.0505;0.2567;0.1350;3;3;Qwen3-1.7B-QLoRA
ID_0291695624884565;0.3590;0.2317;0.4000;0.2000;0.1000;0.0408;0.0408;0.0408;0.0408;0.0714;0.1864;0.0408;0.0714;0.1864;2;2;Qwen3-1.7B-QLoRA
ID_0306964533388350;0.2201;0.1607;0.2000;0.1000;0.0500;0.0500;0.0500;0.0500;0.0500;0.0444;0.1374;0.0500;0.0667;0.1821;1;1;Qwen3-1.7B-QLoRA
ID_0321740024191482;0.3877;0.3091;0.4000;0.2000;0.1000;0.0645;0.0645;0.0645;0.0645;0.0578;0.1844;0.0645;0.0578;0.1844;2;2;Qwen3-1.7B-QLoRA
ID_0353944603330456;0.2201;0.1420;0.2000;0.1000;0.0500;0.0172;0.0172;0.0172;0.0172;0.5819;0.1093;0.0172;0.5819;0.1093;1;1;Qwen3-1.7B-QLoRA
ID_0422858064703713;0.1299;0.1496;0.0000;0.2000;0.2000;0.0000;0.0571;0.1143;0.0089;0.2107;0.7025;0.0194;0.2360;0.6692;2;4;Qwen3-1.7B-QLoRA
ID_0433763336350310;0.5036;0.3250;0.4000;0.4000;0.2000;0.0690;0.1379;0.1379;0.1015;0.1090;0.5122;0.1015;0.1090;0.4703;4;4;Qwen3-1.7B-QLoRA
ID_0521334155968808;0.2796;0.2090;0.4000;0.2000;0.1000;0.0833;0.0833;0.0833;0.0833;0.3571;0.5036;0.0833;0.3571;0.4304;2;2;Qwen3-1.7B-QLoRA
ID_0535860239259102;0.3250;0.3129;0.4000;0.3000;0.2000;0.0870;0.1304;0.1739;0.0694;0.3551;0.4897;0.0810;0.4299;0.4063;4;6;Qwen3-1.7B-QLoRA
ID_0544144585124313;0.3590;0.2859;0.4000;0.2000;0.2000;0.0444;0.0444;0.0889;0.0444;0.3918;0.2072;0.0557;0.4714;0.3020;2;4;Qwen3-1.7B-QLoRA
ID_0577007377836185;0.4695;0.3030;0.6000;0.3000;0.1500;0.0789;0.0789;0.0789;0.0724;0.1277;0.2335;0.0724;0.1277;0.2335;4;4;Qwen3-1.7B-QLoRA
ID_0588546982625730;0.7753;0.6390;0.8000;0.7000;0.5500;0.0952;0.1667;0.2619;0.1516;0.2326;0.5188;0.2071;0.3928;0.5261;7;11;Qwen3-1.7B-QLoRA
ID_0654596992211296;0.2867;0.2594;0.2000;0.3000;0.2500;0.0345;0.1034;0.1724;0.0417;0.2542;0.7163;0.0650;0.3184;0.6663;3;5;Qwen3-1.7B-QLoRA
ID_0848413770343284;0.1884;0.1216;0.2000;0.2000;0.1000;0.0435;0.0870;0.0870;0.0290;0.0498;0.1829;0.0290;0.0539;0.2038;2;2;Qwen3-1.7B-QLoRA
ID_0915732258069388;0.4299;0.3368;0.6000;0.3000;0.1500;0.1579;0.1579;0.1579;0.1009;0.1292;0.2826;0.1009;0.1292;0.2826;3;3;Qwen3-1.7B-QLoRA
ID_0932673194762377;0.1635;0.1055;0.2000;0.2000;0.1000;0.0200;0.0400;0.0400;0.0107;0.1315;0.2064;0.0107;0.1357;0.2297;2;2;Qwen3-1.7B-QLoRA
ID_0967035318418472;0.1396;0.1589;0.0000;0.2000;0.2000;0.0000;0.0455;0.0909;0.0083;0.1876;0.6619;0.0179;0.2738;0.6481;2;4;Qwen3-1.7B-QLoRA
ID_0990344839864230;0.0372;0.0318;0.0000;0.0000;0.0000;0.0000;0.0000;0.0000;0.0000;0.0054;0.1906;0.0000;0.0054;0.1906;1;1;Qwen3-1.7B-QLoRA
ID_1041565102315246;0.1677;0.1082;0.2000;0.2000;0.1000;0.0370;0.0741;0.0741;0.0476;0.0939;0.2462;0.0476;0.0939;0.2431;2;2;Qwen3-1.7B-QLoRA
ID_1050516524103988;0.6167;0.4807;0.6000;0.6000;0.3500;0.1364;0.2727;0.3182;0.2003;0.4341;0.3450;0.2292;0.4341;0.3104;6;7;Qwen3-1.7B-QLoRA
ID_1066462335621573;0.2985;0.1926;0.2000;0.2000;0.1000;0.0286;0.0571;0.0571;0.0381;0.4211;0.2477;0.0381;0.4298;0.2421;2;2;Qwen3-1.7B-QLoRA
ID_1122362218673413;0.4598;0.2968;0.8000;0.5000;0.2500;0.1053;0.1316;0.1316;0.1188;0.4627;0.3023;0.1188;0.4776;0.2754;5;5;Qwen3-1.7B-QLoRA
ID_1138639549823932;0.2201;0.1505;0.2000;0.1000;0.0500;0.0250;0.0250;0.0250;0.0250;0.3587;0.1563;0.0250;0.3587;0.1563;1;1;Qwen3-1.7B-QLoRA
ID_1177407730126204;0.0157;0.0121;0.0000;0.0000;0.0000;0.0000;0.0000;0.0000;0.0000;0.3129;0.3016;0.0000;0.3129;0.3016;1;1;Qwen3-1.7B-QLoRA
ID_1218389465274602;0.2517;0.3283;0.4000;0.2000;0.2500;0.1667;0.1667;0.4167;0.1667;0.3253;0.5835;0.2287;0.3855;0.5923;5;11;Qwen3-1.7B-QLoRA
ID_1224532648969159;0.7019;0.4530;0.6000;0.7000;0.3500;0.0789;0.1842;0.1842;0.1489;0.4013;0.2936;0.1489;0.4013;0.2936;7;7;Qwen3-1.7B-QLoRA
ID_1234565160573730;0.4525;0.4709;0.4000;0.2000;0.1500;0.1667;0.1667;0.2500;0.1667;0.4886;0.7109;0.1894;0.5398;0.6674;4;6;Qwen3-1.7B-QLoRA
ID_1272997735344283;0.3265;0.3865;0.2000;0.2000;0.1500;0.0909;0.1818;0.2727;0.1169;0.2154;0.3580;0.1417;0.3077;0.4873;3;4;Qwen3-1.7B-QLoRA
ID_1290711673273506;0.3044;0.2720;0.4000;0.6000;0.3500;0.0870;0.2609;0.3043;0.1346;0.3016;0.5182;0.1580;0.3122;0.4433;6;8;Qwen3-1.7B-QLoRA
ID_1305553577433058;0.5405;0.4474;0.4000;0.5000;0.4000;0.0385;0.0962;0.1538;0.0711;0.0624;0.4622;0.0923;0.2395;0.5245;5;8;Qwen3-1.7B-QLoRA
ID_1351748125964309;0.2288;0.1710;0.4000;0.3000;0.1500;0.0800;0.1200;0.1200;0.0460;0.1262;0.3963;0.0460;0.1262;0.3963;3;3;Qwen3-1.7B-QLoRA
ID_1364246301366731;0.0284;0.0240;0.0000;0.1000;0.0500;0.0000;0.0588;0.0588;0.0065;0.2758;0.5651;0.0065;0.2897;0.5372;1;1;Qwen3-1.7B-QLoRA
ID_1387531666012807;0.3590;0.2317;0.4000;0.2000;0.1000;0.0690;0.0690;0.0690;0.0690;0.0315;0.1794;0.0690;0.0315;0.1660;2;2;Qwen3-1.7B-QLoRA
ID_1511271976880714;0.3033;0.2455;0.4000;0.4000;0.2000;0.0556;0.1111;0.1111;0.0481;0.2000;0.6309;0.0481;0.2083;0.5721;4;4;Qwen3-1.7B-QLoRA
ID_1602277501575415;0.2201;0.1571;0.2000;0.1000;0.0500;0.0333;0.0333;0.0333;0.0333;0.1543;0.6078;0.0333;0.1543;0.5312;1;1;Qwen3-1.7B-QLoRA
ID_1612969183171944;0.0340;0.0281;0.0000;0.0000;0.0000;0.0000;0.0000;0.0000;0.0000;0.0189;0.3444;0.0000;0.0302;0.3014;1;1;Qwen3-1.7B-QLoRA
ID_1661480072159875;0.2935;0.1894;0.2000;0.2000;0.1000;0.0333;0.0667;0.0667;0.0429;0.6190;0.2165;0.0429;0.6190;0.2165;2;2;Qwen3-1.7B-QLoRA
ID_1686212165863890;0.1030;0.1674;0.0000;0.2000;0.2000;0.0000;0.0625;0.1250;0.0130;0.1815;0.4549;0.0320;0.1908;0.4473;2;4;Qwen3-1.7B-QLoRA
ID_1708237858198821;0.1100;0.0823;0.2000;0.1000;0.0500;0.0357;0.0357;0.0357;0.0119;0.3094;0.6823;0.0119;0.3094;0.6523;1;1;Qwen3-1.7B-QLoRA
ID_1717412318563908;0.1664;0.1337;0.2000;0.3000;0.1500;0.0294;0.0882;0.0882;0.0341;0.0363;0.6861;0.0341;0.0363;0.6015;3;3;Qwen3-1.7B-QLoRA
ID_1741102469161036;0.0000;0.0596;0.0000;0.0000;0.0500;0.0000;0.0000;0.1000;0.0000;0.0323;0.4449;0.0067;0.1935;0.5358;0;1;Qwen3-1.7B-QLoRA
ID_1827829018668226;0.0851;0.2347;0.2000;0.1000;0.4000;0.0333;0.0333;0.2667;0.0067;0.1898;0.3837;0.0784;0.4453;0.5528;1;8;Qwen3-1.7B-QLoRA
ID_1836274062343953;0.2462;0.2038;0.4000;0.3000;0.2000;0.0741;0.1111;0.1481;0.0364;0.8462;0.5350;0.0499;0.8462;0.5230;3;5;Qwen3-1.7B-QLoRA
ID_1885766127325722;0.1598;0.1250;0.2000;0.2000;0.1000;0.0476;0.0952;0.0952;0.0254;0.2010;0.3907;0.0254;0.2010;0.3907;5;5;Qwen3-1.7B-QLoRA
ID_1966638146185479;0.4873;0.3267;0.6000;0.4000;0.2000;0.1034;0.1379;0.1379;0.1178;0.4437;0.4776;0.1178;0.4648;0.5322;4;4;Qwen3-1.7B-QLoRA
ID_1994317879078816;0.0545;0.0415;0.0000;0.0000;0.0000;0.0000;0.0000;0.0000;0.0000;0.0690;0.3972;0.0000;0.2284;0.5515;2;2;Qwen3-1.7B-QLoRA
ID_2002515486942024;0.2796;0.1804;0.4000;0.2000;0.1000;0.0513;0.0513;0.0513;0.0513;0.0233;0.1984;0.0513;0.0233;0.1984;2;2;Qwen3-1.7B-QLoRA
ID_2044247985726091;0.0000;0.0000;0.0000;0.0000;0.0000;0.0000;0.0000;0.0000;0.0000;0.0156;0.2827;0.0000;0.0156;0.2827;0;0;Qwen3-1.7B-QLoRA
ID_2086707959173246;0.1389;0.1450;0.2000;0.1000;0.1500;0.0357;0.0357;0.1071;0.0179;0.2448;0.4513;0.0321;0.2587;0.4776;1;3;Qwen3-1.7B-QLoRA
ID_2129963760543898;0.3726;0.2843;0.2000;0.5000;0.3000;0.0400;0.2000;0.2400;0.0807;0.5908;0.5621;0.0940;0.6769;0.5484;5;7;Qwen3-1.7B-QLoRA
ID_2220699289355930;0.1600;0.1482;0.2000;0.2000;0.1500;0.0417;0.0833;0.1250;0.0556;0.3616;0.4668;0.0660;0.3661;0.4201;2;3;Qwen3-1.7B-QLoRA
ID_2324159515825927;0.5174;0.4119;0.6000;0.4000;0.3000;0.0750;0.1000;0.1500;0.0788;0.2382;0.4959;0.1026;0.2539;0.4358;4;6;Qwen3-1.7B-QLoRA
ID_2364016372924935;0.4545;0.4310;0.4000;0.4000;0.4000;0.0541;0.1081;0.2162;0.0641;0.3399;0.7347;0.1060;0.4532;0.7055;4;8;Qwen3-1.7B-QLoRA
ID_2426330204919814;0.6410;0.5290;0.6000;0.8000;0.5500;0.0769;0.2051;0.2821;0.1618;0.6667;0.3612;0.2258;0.6863;0.3497;9;12;Qwen3-1.7B-QLoRA
ID_2538824540800669;0.5700;0.5936;0.6000;0.5000;0.4500;0.1579;0.2632;0.4737;0.2143;0.2549;0.5825;0.3147;0.4216;0.6310;5;9;Qwen3-1.7B-QLoRA
ID_2543067198319684;0.3629;0.2482;0.2000;0.3000;0.1500;0.0455;0.1364;0.1364;0.0755;0.2394;0.1019;0.0755;0.2394;0.1019;3;3;Qwen3-1.7B-QLoRA
ID_2627414712422817;0.0000;0.0000;0.0000;0.0000;0.0000;0.0000;0.0000;0.0000;0.0000;0.0881;0.0631;0.0000;0.0881;0.0626;0;0;Qwen3-1.7B-QLoRA
ID_2653769170795641;0.1693;0.1266;0.0000;0.3000;0.1500;0.0000;0.1154;0.1154;0.0288;0.1739;0.6801;0.0288;0.2011;0.6999;3;3;Qwen3-1.7B-QLoRA
ID_2662364620923506;0.1100;0.0878;0.2000;0.1000;0.0500;0.0588;0.0588;0.0588;0.0196;0.6383;0.2363;0.0196;0.6383;0.2226;1;1;Qwen3-1.7B-QLoRA
ID_2691497637313274;0.0000;0.0000;0.0000;0.0000;0.0000;0.0000;0.0000;0.0000;0.0000;0.0289;0.3241;0.0000;0.0289;0.3241;0;0;Qwen3-1.7B-QLoRA
ID_2714004273523549;0.6028;0.4670;0.4000;0.6000;0.4000;0.0408;0.1224;0.1633;0.0765;0.0488;0.3255;0.1031;0.0495;0.3251;6;8;Qwen3-1.7B-QLoRA
ID_2864595160355410;0.4915;0.4142;0.6000;0.5000;0.3000;0.1579;0.2632;0.3158;0.1689;0.2562;0.2202;0.1976;0.2562;0.1953;5;7;Qwen3-1.7B-QLoRA
ID_2929963416385218;0.7084;0.4956;0.8000;0.6000;0.3500;0.1081;0.1622;0.1892;0.1486;0.1915;0.2192;0.1644;0.2234;0.2526;6;7;Qwen3-1.7B-QLoRA
ID_2961250776014138;0.1490;0.1623;0.2000;0.2000;0.1500;0.0769;0.1538;0.2308;0.0641;0.3560;0.2286;0.0819;0.4076;0.4169;2;3;Qwen3-1.7B-QLoRA
ID_3059520185406581;0.3149;0.2816;0.4000;0.2000;0.2000;0.0645;0.0645;0.1290;0.0484;0.3532;0.2629;0.0613;0.3688;0.2473;2;4;Qwen3-1.7B-QLoRA
ID_3091742095568302;0.1465;0.1416;0.4000;0.2000;0.1500;0.0625;0.0625;0.0938;0.0229;0.0552;0.6201;0.0281;0.1034;0.6450;2;3;Qwen3-1.7B-QLoRA
ID_3107924103069456;0.2266;0.1847;0.6000;0.3000;0.2000;0.0667;0.0667;0.0889;0.0426;0.1139;0.6396;0.0500;0.1683;0.6328;3;4;Qwen3-1.7B-QLoRA
ID_3256932358053453;0.1206;0.1048;0.0000;0.1000;0.0500;0.0000;0.0833;0.0833;0.0139;0.2443;0.4139;0.0139;0.2443;0.4139;2;2;Qwen3-1.7B-QLoRA
ID_3258168964977007;0.0000;0.0454;0.0000;0.0000;0.0500;0.0000;0.0000;0.0588;0.0000;0.0000;0.1357;0.0045;0.1053;0.2313;0;1;Qwen3-1.7B-QLoRA
ID_3314639624288740;0.0868;0.0698;0.4000;0.2000;0.1000;0.0952;0.0952;0.0952;0.0349;0.0725;0.3808;0.0349;0.0755;0.4236;2;2;Qwen3-1.7B-QLoRA
ID_3341755886753117;0.1709;0.3404;0.4000;0.3000;0.4000;0.0952;0.1429;0.3810;0.0468;0.3571;0.3883;0.1522;0.3571;0.5355;4;10;Qwen3-1.7B-QLoRA
ID_3387018530825694;0.1891;0.1937;0.4000;0.2000;0.1500;0.1053;0.1053;0.1579;0.0789;0.2577;0.4070;0.0921;0.3196;0.5706;2;3;Qwen3-1.7B-QLoRA
ID_3413049864861519;0.3349;0.2636;0.4000;0.4000;0.2000;0.1000;0.2000;0.2000;0.1437;0.1591;0.4829;0.1437;0.1591;0.4042;4;4;Qwen3-1.7B-QLoRA
ID_3496070172209437;0.3392;0.2538;0.4000;0.2000;0.2000;0.0645;0.0645;0.1290;0.0538;0.1070;0.2645;0.0674;0.1698;0.2908;3;6;Qwen3-1.7B-QLoRA
ID_3524890504250775;0.1431;0.1172;0.2000;0.1000;0.0500;0.0625;0.0625;0.0625;0.0312;0.3579;0.4962;0.0312;0.3579;0.4309;4;4;Qwen3-1.7B-QLoRA
ID_3532765293459410;0.2118;0.2177;0.2000;0.4000;0.3000;0.0250;0.1000;0.1500;0.0339;0.2606;0.5838;0.0522;0.4459;0.6384;4;6;Qwen3-1.7B-QLoRA
ID_3563923906851611;0.1138;0.1711;0.2000;0.1000;0.1500;0.0526;0.0526;0.1579;0.0263;0.0000;0.2118;0.0464;0.1228;0.2106;2;4;Qwen3-1.7B-QLoRA
ID_3569531507114017;0.0284;0.0183;0.0000;0.1000;0.0500;0.0000;0.0294;0.0294;0.0033;0.1753;0.7054;0.0033;0.2320;0.5646;1;1;Qwen3-1.7B-QLoRA
ID_3590884268165249;0.3514;0.2268;0.6000;0.3000;0.1500;0.0750;0.0750;0.0750;0.0525;0.0523;0.5584;0.0525;0.0523;0.4373;3;3;Qwen3-1.7B-QLoRA
ID_3594651355252245;0.4520;0.4109;0.6000;0.4000;0.3000;0.1429;0.1905;0.2857;0.1548;0.1252;0.6375;0.1984;0.1524;0.5249;6;8;Qwen3-1.7B-QLoRA
ID_3621433615334969;0.2049;0.2165;0.4000;0.3000;0.2500;0.1176;0.1765;0.2941;0.1000;0.0169;0.6337;0.1459;0.0847;0.6521;5;7;Qwen3-1.7B-QLoRA
ID_3663976246405654;0.3438;0.3588;0.4000;0.4000;0.3000;0.1111;0.2222;0.3333;0.1056;0.2636;0.6531;0.1586;0.3045;0.6484;5;7;Qwen3-1.7B-QLoRA
ID_3664073315037262;0.1577;0.1786;0.2000;0.3000;0.2000;0.0500;0.1500;0.2000;0.0417;0.3539;0.4694;0.0598;0.3619;0.4269;3;4;Qwen3-1.7B-QLoRA
ID_3714905065293466;0.0000;0.0000;0.0000;0.0000;0.0000;0.0000;0.0000;0.0000;0.0000;0.1333;0.0719;0.0000;0.1333;0.0719;0;0;Qwen3-1.7B-QLoRA
ID_3718352314610417;0.2394;0.3245;0.2000;0.3000;0.4000;0.0244;0.0732;0.1951;0.0224;0.2014;0.5385;0.0639;0.3501;0.5874;3;8;Qwen3-1.7B-QLoRA
ID_3746397954560718;0.2893;0.2345;0.2000;0.2000;0.1000;0.0769;0.1538;0.1538;0.0577;0.1064;0.2633;0.0577;0.1064;0.2633;3;3;Qwen3-1.7B-QLoRA
ID_3752951275341381;0.2489;0.1669;0.4000;0.2000;0.1000;0.0541;0.0541;0.0541;0.0315;0.3192;0.3280;0.0315;0.3192;0.3280;2;2;Qwen3-1.7B-QLoRA
ID_3753627053150603;0.3430;0.2214;0.4000;0.4000;0.2000;0.0909;0.1818;0.1818;0.0788;0.0667;0.6434;0.0788;0.0952;0.6122;4;4;Qwen3-1.7B-QLoRA
ID_3837157956819433;0.3996;0.2579;0.6000;0.3000;0.1500;0.1154;0.1154;0.1154;0.1058;0.5435;0.0934;0.1058;0.5435;0.0934;3;3;Qwen3-1.7B-QLoRA
ID_3867942762661182;0.2825;0.2316;0.4000;0.4000;0.3000;0.0588;0.1176;0.1765;0.0706;0.2054;0.6174;0.0928;0.4196;0.6279;4;6;Qwen3-1.7B-QLoRA
ID_3886712611757992;0.0000;0.0000;0.0000;0.0000;0.0000;0.0000;0.0000;0.0000;0.0000;0.0000;0.0803;0.0000;0.0000;0.0800;0;0;Qwen3-1.7B-QLoRA
ID_3919711591553904;0.5636;0.3637;0.6000;0.5000;0.2500;0.0714;0.1190;0.1190;0.0984;0.4707;0.1566;0.0984;0.4707;0.1566;5;5;Qwen3-1.7B-QLoRA
ID_3935638786776109;0.2337;0.1811;0.4000;0.2000;0.1000;0.1053;0.1053;0.1053;0.0526;0.3043;0.5007;0.0526;0.3043;0.4695;2;2;Qwen3-1.7B-QLoRA
ID_3939504645911140;0.1287;0.0898;0.0000;0.3000;0.1500;0.0000;0.1071;0.1071;0.0269;0.1526;0.7184;0.0269;0.5474;0.5953;3;3;Qwen3-1.7B-QLoRA
ID_3950127945486168;0.0326;0.0965;0.0000;0.0000;0.1000;0.0000;0.0000;0.1053;0.0000;0.5641;0.5529;0.0100;0.6923;0.6174;1;3;Qwen3-1.7B-QLoRA
ID_4041211770858318;0.2284;0.1835;0.2000;0.1000;0.0500;0.0400;0.0400;0.0400;0.0400;0.2487;0.1395;0.0400;0.2487;0.1395;1;1;Qwen3-1.7B-QLoRA
ID_4120322936662925;0.1142;0.0918;0.2000;0.1000;0.0500;0.0370;0.0370;0.0370;0.0123;0.2336;0.7009;0.0123;0.2430;0.6828;1;1;Qwen3-1.7B-QLoRA
ID_4125254830545309;0.0477;0.1807;0.0000;0.0000;0.1000;0.0000;0.0000;0.2500;0.0000;0.3476;0.4718;0.0194;0.4492;0.4026;1;3;Qwen3-1.7B-QLoRA
ID_4165114386602896;0.4000;0.2630;0.6000;0.3000;0.1500;0.1200;0.1200;0.1200;0.0840;0.5200;0.3197;0.0840;0.5200;0.2642;3;3;Qwen3-1.7B-QLoRA
ID_4210289862552350;0.2796;0.1874;0.4000;0.2000;0.1000;0.0667;0.0667;0.0667;0.0667;0.1116;0.0947;0.0667;0.1116;0.0947;2;2;Qwen3-1.7B-QLoRA
ID_4408599021040004;0.2201;0.1607;0.2000;0.1000;0.0500;0.0400;0.0400;0.0400;0.0400;0.2231;0.1662;0.0400;0.2231;0.1662;1;1;Qwen3-1.7B-QLoRA
ID_4550717883781091;0.3744;0.2672;0.6000;0.3000;0.1500;0.1071;0.1071;0.1071;0.0982;0.1018;0.4730;0.0982;0.1018;0.4730;3;3;Qwen3-1.7B-QLoRA
ID_4679830870331445;0.1883;0.2057;0.2000;0.3000;0.2500;0.0370;0.1111;0.1852;0.0356;0.4050;0.5860;0.0578;0.4587;0.6227;3;6;Qwen3-1.7B-QLoRA
ID_4735276653354808;0.3376;0.2738;0.6000;0.3000;0.1500;0.1667;0.1667;0.1667;0.1343;0.1571;0.1052;0.1343;0.1571;0.1052;3;3;Qwen3-1.7B-QLoRA
ID_4765080870408661;0.3590;0.2317;0.4000;0.2000;0.1000;0.0541;0.0541;0.0541;0.0541;0.0692;0.0855;0.0541;0.0692;0.0855;2;2;Qwen3-1.7B-QLoRA
ID_4804205224697296;0.2399;0.1599;0.2000;0.1000;0.0500;0.0238;0.0238;0.0238;0.0238;0.0747;0.1447;0.0238;0.0747;0.1321;2;3;Qwen3-1.7B-QLoRA
ID_4830050448543240;0.3747;0.3422;0.4000;0.2000;0.2000;0.0952;0.0952;0.1905;0.0952;0.4167;0.3414;0.1153;0.5417;0.5713;3;6;Qwen3-1.7B-QLoRA
ID_4854372533657671;0.2506;0.1617;0.2000;0.4000;0.2000;0.0213;0.0851;0.0851;0.0288;0.3664;0.6989;0.0288;0.3740;0.7189;4;4;Qwen3-1.7B-QLoRA
ID_4928616387172275;0.2240;0.1819;0.4000;0.2000;0.1500;0.0571;0.0571;0.0857;0.0257;0.2170;0.2303;0.0323;0.2264;0.2199;2;3;Qwen3-1.7B-QLoRA
ID_5006741787749124;0.0451;0.0749;0.0000;0.0000;0.0500;0.0000;0.0000;0.0909;0.0000;0.1418;0.2278;0.0083;0.1560;0.4623;1;2;Qwen3-1.7B-QLoRA
ID_5065411466998527;0.0000;0.0000;0.0000;0.0000;0.0000;0.0000;0.0000;0.0000;0.0000;0.0375;0.1769;0.0000;0.0375;0.1769;0;0;Qwen3-1.7B-QLoRA
ID_5105401635003548;0.0000;0.0000;0.0000;0.0000;0.0000;0.0000;0.0000;0.0000;0.0000;0.0229;0.0275;0.0000;0.0229;0.0275;0;0;Qwen3-1.7B-QLoRA
ID_5118629875846648;0.2943;0.1899;0.4000;0.3000;0.1500;0.0741;0.1111;0.1111;0.0741;0.0258;0.3511;0.0741;0.0258;0.3511;3;3;Qwen3-1.7B-QLoRA
ID_5183458350445779;0.0663;0.0911;0.0000;0.1000;0.1000;0.0000;0.0345;0.0690;0.0038;0.0795;0.4220;0.0101;0.0795;0.5258;1;2;Qwen3-1.7B-QLoRA
ID_5187181156228197;0.3744;0.3129;0.6000;0.3000;0.2500;0.1034;0.1034;0.1724;0.0948;0.3077;0.3228;0.1154;0.3875;0.5113;3;5;Qwen3-1.7B-QLoRA
ID_5265254209364825;0.4035;0.2604;0.6000;0.4000;0.2000;0.0909;0.1212;0.1212;0.0687;0.2717;0.6261;0.0687;0.2746;0.5701;4;4;Qwen3-1.7B-QLoRA
ID_5317385915649516;0.0000;0.0000;0.0000;0.0000;0.0000;0.0000;0.0000;0.0000;0.0000;0.0521;0.2527;0.0000;0.0521;0.2375;0;0;Qwen3-1.7B-QLoRA
ID_5368167403557640;0.3621;0.2337;0.2000;0.3000;0.1500;0.0385;0.1154;0.1154;0.0628;0.1296;0.3397;0.0628;0.1296;0.3397;3;3;Qwen3-1.7B-QLoRA
ID_5424781102486268;0.2349;0.1980;0.2000;0.3000;0.2500;0.0294;0.0882;0.1471;0.0319;0.1165;0.6445;0.0454;0.2246;0.6646;3;5;Qwen3-1.7B-QLoRA
ID_5465930712415985;0.0000;0.0000;0.0000;0.0000;0.0000;0.0000;0.0000;0.0000;0.0000;0.3223;0.2504;0.0000;0.3223;0.2504;0;0;Qwen3-1.7B-QLoRA
ID_5554472337681978;0.1389;0.1055;0.2000;0.1000;0.0500;0.0526;0.0526;0.0526;0.0263;0.0865;0.4023;0.0263;0.0865;0.4023;1;1;Qwen3-1.7B-QLoRA
ID_5717546460597615;0.1389;0.0896;0.2000;0.1000;0.0500;0.0238;0.0238;0.0238;0.0119;0.0184;0.2207;0.0119;0.0184;0.2133;1;1;Qwen3-1.7B-QLoRA
ID_5832250655889116;0.2498;0.1783;0.2000;0.2000;0.1000;0.0333;0.0667;0.0667;0.0417;0.1644;0.6280;0.0417;0.1644;0.5545;2;2;Qwen3-1.7B-QLoRA
ID_5832558504922244;0.1069;0.0690;0.2000;0.2000;0.1000;0.0250;0.0500;0.0500;0.0118;0.3826;0.2600;0.0118;0.3826;0.3297;2;2;Qwen3-1.7B-QLoRA
ID_5871402136758674;0.1645;0.1286;0.2000;0.1000;0.0500;0.0435;0.0435;0.0435;0.0217;0.3818;0.1969;0.0217;0.3818;0.1745;1;1;Qwen3-1.7B-QLoRA
ID_5898801580033554;0.1100;0.0710;0.2000;0.1000;0.0500;0.0250;0.0250;0.0250;0.0083;0.1336;0.5060;0.0083;0.1336;0.4665;1;1;Qwen3-1.7B-QLoRA
ID_5936682335701497;0.0000;0.0000;0.0000;0.0000;0.0000;0.0000;0.0000;0.0000;0.0000;0.0114;0.0627;0.0000;0.0114;0.0627;0;0;Qwen3-1.7B-QLoRA
ID_5957855817378897;0.2917;0.2633;0.4000;0.4000;0.3000;0.0667;0.1333;0.2000;0.0689;0.1120;0.4832;0.0946;0.1494;0.6271;4;6;Qwen3-1.7B-QLoRA
ID_6029111646602279;0.2048;0.1492;0.4000;0.2000;0.1500;0.0741;0.0741;0.1111;0.0309;0.1465;0.4069;0.0410;0.1465;0.3869;2;3;Qwen3-1.7B-QLoRA
ID_6046165866539973;0.1702;0.1330;0.2000;0.1000;0.0500;0.0625;0.0625;0.0625;0.0625;0.0207;0.1286;0.0625;0.0207;0.1286;1;1;Qwen3-1.7B-QLoRA
ID_6072951820735063;0.2221;0.1755;0.4000;0.3000;0.1500;0.0690;0.1034;0.1034;0.0793;0.3261;0.3978;0.0793;0.3261;0.4406;4;4;Qwen3-1.7B-QLoRA
ID_6171517695707255;0.0854;0.0782;0.2000;0.1000;0.0500;0.1000;0.1000;0.1000;0.0500;0.0230;0.2710;0.0500;0.0230;0.2710;1;1;Qwen3-1.7B-QLoRA
ID_6175285839739641;0.2796;0.2041;0.4000;0.2000;0.1000;0.0870;0.0870;0.0870;0.0870;0.1735;0.0901;0.0870;0.1735;0.0901;2;2;Qwen3-1.7B-QLoRA
ID_6201224121456969;0.1389;0.0896;0.2000;0.1000;0.0500;0.0222;0.0222;0.0222;0.0111;0.5246;0.4438;0.0111;0.5296;0.4517;1;1;Qwen3-1.7B-QLoRA
ID_6217509029802638;0.0509;0.0411;0.2000;0.1000;0.0500;0.0526;0.0526;0.0526;0.0175;0.1136;0.1288;0.0175;0.1136;0.1358;1;1;Qwen3-1.7B-QLoRA
ID_6284168579617066;0.1389;0.0896;0.2000;0.1000;0.0500;0.0435;0.0435;0.0435;0.0217;0.2063;0.3540;0.0217;0.2063;0.3648;1;1;Qwen3-1.7B-QLoRA
ID_6286838179330044;0.5691;0.4606;0.8000;0.5000;0.2500;0.1481;0.1852;0.1852;0.1593;0.1901;0.2081;0.1593;0.1901;0.1812;5;5;Qwen3-1.7B-QLoRA
ID_6306096928606380;0.0000;0.0000;0.0000;0.0000;0.0000;0.0000;0.0000;0.0000;0.0000;0.0635;0.6327;0.0000;0.0635;0.6327;0;0;Qwen3-1.7B-QLoRA
ID_6309609498284949;0.1477;0.1177;0.2000;0.3000;0.1500;0.0400;0.1200;0.1200;0.0505;0.1728;0.2414;0.0505;0.1937;0.2223;4;4;Qwen3-1.7B-QLoRA
ID_6372649810646310;0.1313;0.1719;0.4000;0.2000;0.2000;0.0513;0.0513;0.1026;0.0167;0.1044;0.4172;0.0299;0.1481;0.5409;2;4;Qwen3-1.7B-QLoRA
ID_6377288674588197;0.3261;0.2144;0.6000;0.7000;0.3500;0.0517;0.1207;0.1207;0.0721;0.1987;0.5548;0.0721;0.1987;0.5043;7;7;Qwen3-1.7B-QLoRA
ID_6473783273255196;0.0472;0.0362;0.2000;0.1000;0.0500;0.0312;0.0312;0.0312;0.0104;0.4821;0.1715;0.0104;0.4821;0.1715;1;1;Qwen3-1.7B-QLoRA
ID_6499108085922209;0.0618;0.0496;0.2000;0.1000;0.0500;0.0500;0.0500;0.0500;0.0250;0.0619;0.3217;0.0250;0.0619;0.3217;1;1;Qwen3-1.7B-QLoRA
ID_6532338737692493;0.5624;0.3846;0.6000;0.6000;0.3000;0.1500;0.3000;0.3000;0.1904;0.0828;0.3705;0.1904;0.0828;0.3111;8;8;Qwen3-1.7B-QLoRA
ID_6535298436643783;0.0000;0.1102;0.0000;0.0000;0.1000;0.0000;0.0000;0.0769;0.0000;0.0731;0.5567;0.0076;0.1154;0.5668;0;3;Qwen3-1.7B-QLoRA
ID_6555511233950866;0.0000;0.0000;0.0000;0.0000;0.0000;0.0000;0.0000;0.0000;0.0000;0.0897;0.0859;0.0000;0.0985;0.0913;0;0;Qwen3-1.7B-QLoRA
ID_6723353746838236;0.1736;0.1372;0.4000;0.2000;0.1000;0.0909;0.0909;0.0909;0.0909;0.0697;0.7481;0.0909;0.0697;0.6811;2;2;Qwen3-1.7B-QLoRA
ID_6751513272539561;0.2201;0.1420;0.2000;0.1000;0.0500;0.0370;0.0370;0.0370;0.0370;0.4122;0.5504;0.0370;0.4122;0.5504;1;1;Qwen3-1.7B-QLoRA
ID_6785547194105600;0.0000;0.1172;0.0000;0.0000;0.2000;0.0000;0.0000;0.1818;0.0000;0.2679;0.4555;0.0280;0.6603;0.5473;0;4;Qwen3-1.7B-QLoRA
ID_6799776599317117;0.2673;0.2103;0.4000;0.2000;0.1000;0.1000;0.1000;0.1000;0.0833;0.0897;0.2079;0.0833;0.0897;0.2079;2;2;Qwen3-1.7B-QLoRA
ID_6911356765220023;0.4221;0.2775;0.6000;0.4000;0.2000;0.0882;0.1176;0.1176;0.0760;0.0294;0.4278;0.0760;0.0294;0.3711;4;4;Qwen3-1.7B-QLoRA
ID_7014991384513854;0.3922;0.3006;0.6000;0.4000;0.2000;0.1071;0.1429;0.1429;0.0776;0.2054;0.1990;0.0776;0.2054;0.1990;4;4;Qwen3-1.7B-QLoRA
ID_7026313596468626;0.0710;0.1106;0.0000;0.1000;0.1000;0.0000;0.0588;0.1176;0.0084;0.2368;0.2585;0.0168;0.2632;0.2890;2;3;Qwen3-1.7B-QLoRA
ID_7034773971317045;0.0000;0.0000;0.0000;0.0000;0.0000;0.0000;0.0000;0.0000;0.0000;0.0717;0.5284;0.0000;0.0728;0.5371;0;0;Qwen3-1.7B-QLoRA
ID_7053039409324203;0.1199;0.1864;0.2000;0.2000;0.2000;0.0455;0.0909;0.1818;0.0182;0.8333;0.5469;0.0417;0.8750;0.5144;3;6;Qwen3-1.7B-QLoRA
ID_7057449448661416;0.0000;0.0000;0.0000;0.0000;0.0000;0.0000;0.0000;0.0000;0.0000;0.0556;0.1781;0.0000;0.0556;0.1781;0;0;Qwen3-1.7B-QLoRA
ID_7088639503480810;0.6919;0.4465;0.8000;0.7000;0.3500;0.1250;0.2188;0.2188;0.1926;0.3214;0.3548;0.1926;0.3214;0.3177;7;7;Qwen3-1.7B-QLoRA
ID_7090419604571199;0.0000;0.0000;0.0000;0.0000;0.0000;0.0000;0.0000;0.0000;0.0000;0.0694;0.0000;0.0000;0.0694;0.0000;0;0;Qwen3-1.7B-QLoRA
ID_7216933992248038;0.6524;0.4606;0.6000;0.6000;0.3500;0.0750;0.1500;0.1750;0.1106;0.1859;0.6195;0.1265;0.1975;0.6184;6;7;Qwen3-1.7B-QLoRA
ID_7233767393471644;0.0000;0.0000;0.0000;0.0000;0.0000;0.0000;0.0000;0.0000;0.0000;0.0144;0.3205;0.0000;0.0144;0.3092;0;0;Qwen3-1.7B-QLoRA
ID_7249500407405478;0.1673;0.1144;0.2000;0.2000;0.1000;0.0294;0.0588;0.0588;0.0212;0.3125;0.3819;0.0212;0.3125;0.3819;2;2;Qwen3-1.7B-QLoRA
ID_7254844415865063;0.2201;0.1817;0.2000;0.1000;0.1000;0.0312;0.0312;0.0625;0.0312;0.1094;0.5400;0.0369;0.1295;0.5134;1;2;Qwen3-1.7B-QLoRA
ID_7269889225548975;0.4570;0.3336;0.4000;0.4000;0.2000;0.0909;0.1818;0.1818;0.1123;0.3250;0.3700;0.1123;0.3250;0.2929;4;4;Qwen3-1.7B-QLoRA
ID_7299082066704598;0.6259;0.4436;0.8000;0.6000;0.3500;0.1000;0.1500;0.1750;0.1210;0.5057;0.2063;0.1370;0.5172;0.1973;6;7;Qwen3-1.7B-QLoRA
ID_7305428791149745;0.3578;0.2867;0.2000;0.5000;0.3000;0.0500;0.2500;0.3000;0.0903;0.2039;0.6064;0.1175;0.2039;0.5261;5;6;Qwen3-1.7B-QLoRA
ID_7312223977002681;0.0943;0.0609;0.2000;0.1000;0.0500;0.0286;0.0286;0.0286;0.0286;0.0376;0.4121;0.0286;0.0376;0.4121;1;1;Qwen3-1.7B-QLoRA
ID_7430030311775522;0.1100;0.0724;0.2000;0.1000;0.0500;0.0333;0.0333;0.0333;0.0111;0.3471;0.5407;0.0111;0.3636;0.5423;1;1;Qwen3-1.7B-QLoRA
ID_7456235597127456;0.0000;0.0000;0.0000;0.0000;0.0000;0.0000;0.0000;0.0000;0.0000;0.0000;0.1792;0.0000;0.0000;0.2345;0;0;Qwen3-1.7B-QLoRA
ID_7464190101117707;0.5197;0.4130;0.6000;0.4000;0.2000;0.1667;0.2222;0.2222;0.1713;0.3200;0.1552;0.1713;0.3200;0.1552;5;5;Qwen3-1.7B-QLoRA
ID_7471111924336519;0.0000;0.0766;0.0000;0.0000;0.0500;0.0000;0.0000;0.1429;0.0000;0.1020;0.6631;0.0119;0.1429;0.6166;0;1;Qwen3-1.7B-QLoRA
ID_7506578377321090;0.2450;0.2453;0.6000;0.3000;0.2500;0.1154;0.1154;0.1923;0.0929;0.1571;0.5920;0.1230;0.2179;0.5724;3;5;Qwen3-1.7B-QLoRA
ID_7527179767450432;0.1449;0.2343;0.2000;0.3000;0.3000;0.0417;0.1250;0.2500;0.0359;0.2540;0.5656;0.0809;0.2994;0.6277;3;6;Qwen3-1.7B-QLoRA
ID_7532334620264577;0.2201;0.1447;0.2000;0.1000;0.0500;0.0357;0.0357;0.0357;0.0357;0.0677;0.2999;0.0357;0.0677;0.2999;1;1;Qwen3-1.7B-QLoRA
ID_7572366766177648;0.6489;0.4188;1.0000;0.5000;0.2500;0.1111;0.1111;0.1111;0.1111;0.1961;0.1247;0.1111;0.1961;0.1247;5;5;Qwen3-1.7B-QLoRA
ID_7594033934995220;0.1725;0.3030;0.2000;0.2000;0.3500;0.0435;0.0870;0.3043;0.0362;0.7857;0.3146;0.1036;0.8286;0.3751;2;8;Qwen3-1.7B-QLoRA
ID_7606805059403041;0.2895;0.2224;0.2000;0.2000;0.1500;0.0233;0.0465;0.0698;0.0291;0.2069;0.2431;0.0337;0.2112;0.1982;2;3;Qwen3-1.7B-QLoRA
ID_7721483148298785;0.4625;0.4357;0.4000;0.3000;0.1500;0.1667;0.2500;0.2500;0.2024;0.4156;0.2375;0.2024;0.4416;0.2598;3;3;Qwen3-1.7B-QLoRA
ID_7740917144757410;0.3220;0.3578;0.4000;0.4000;0.4000;0.0476;0.0952;0.1905;0.0369;0.3273;0.5547;0.0792;0.4521;0.4538;4;9;Qwen3-1.7B-QLoRA
ID_7881527576747420;0.2863;0.2155;0.2000;0.2000;0.1500;0.0303;0.0606;0.0909;0.0370;0.1168;0.5738;0.0421;0.1472;0.6095;2;3;Qwen3-1.7B-QLoRA
ID_7927416076958362;0.6283;0.5001;0.8000;0.7000;0.4500;0.1905;0.3333;0.4286;0.2523;0.4731;0.5789;0.2961;0.4839;0.4916;7;9;Qwen3-1.7B-QLoRA
ID_7927685281122435;0.2043;0.1628;0.4000;0.2000;0.1000;0.0741;0.0741;0.0741;0.0556;0.1016;0.4019;0.0556;0.1016;0.3892;2;2;Qwen3-1.7B-QLoRA
ID_7930540518087267;0.4239;0.3349;0.6000;0.4000;0.2000;0.1304;0.1739;0.1739;0.1203;0.1325;0.5112;0.1203;0.1325;0.4200;4;4;Qwen3-1.7B-QLoRA
ID_7967486980814458;0.2891;0.2250;0.4000;0.3000;0.2000;0.0417;0.0625;0.0833;0.0382;0.2685;0.6533;0.0451;0.2953;0.5836;3;4;Qwen3-1.7B-QLoRA
ID_8047078292358267;0.0893;0.1485;0.0000;0.1000;0.2000;0.0000;0.0192;0.0769;0.0024;0.0608;0.6480;0.0152;0.1937;0.6082;2;5;Qwen3-1.7B-QLoRA
ID_8049184468038869;0.6422;0.4144;0.8000;0.5000;0.2500;0.0833;0.1042;0.1042;0.1007;0.0574;0.1587;0.1007;0.0574;0.1587;5;5;Qwen3-1.7B-QLoRA
ID_8192385731123737;0.0851;0.0637;0.2000;0.1000;0.0500;0.0435;0.0435;0.0435;0.0087;0.1000;0.2113;0.0087;0.1000;0.2113;1;1;Qwen3-1.7B-QLoRA
ID_8209219651894646;0.0000;0.0000;0.0000;0.0000;0.0000;0.0000;0.0000;0.0000;0.0000;0.2190;0.6248;0.0000;0.2190;0.5214;0;0;Qwen3-1.7B-QLoRA
ID_8237569228020224;0.0000;0.0851;0.0000;0.0000;0.1000;0.0000;0.0000;0.1250;0.0000;0.0857;0.7356;0.0161;0.0857;0.7133;0;2;Qwen3-1.7B-QLoRA
ID_8241999499678979;0.4537;0.2928;0.6000;0.3000;0.1500;0.0857;0.0857;0.0857;0.0786;0.2195;0.2012;0.0786;0.2215;0.2001;3;3;Qwen3-1.7B-QLoRA
ID_8391627429679768;0.8701;0.5616;1.0000;0.8000;0.4000;0.1429;0.2286;0.2286;0.2286;0.5931;0.1740;0.2286;0.6000;0.1971;8;8;Qwen3-1.7B-QLoRA
ID_8457699943400994;0.0000;0.0000;0.0000;0.0000;0.0000;0.0000;0.0000;0.0000;0.0000;0.0944;0.3980;0.0000;0.0987;0.3299;0;0;Qwen3-1.7B-QLoRA
ID_8479803539567479;0.2976;0.3407;0.2000;0.3000;0.3000;0.0435;0.1304;0.2609;0.0418;0.2490;0.4989;0.0875;0.2759;0.4339;6;9;Qwen3-1.7B-QLoRA
ID_8496716957724133;0.1584;0.2271;0.2000;0.2000;0.3000;0.0278;0.0556;0.1667;0.0125;0.2042;0.5736;0.0478;0.4187;0.5133;2;6;Qwen3-1.7B-QLoRA
ID_8586805521593519;0.2201;0.1420;0.2000;0.1000;0.0500;0.0256;0.0256;0.0256;0.0256;0.0697;0.1801;0.0256;0.0697;0.1819;1;1;Qwen3-1.7B-QLoRA
ID_8647270006257055;0.2701;0.1811;0.6000;0.3000;0.1500;0.1111;0.1111;0.1111;0.0593;0.0794;0.6775;0.0593;0.0794;0.6274;3;3;Qwen3-1.7B-QLoRA
ID_8659496864305621;0.1301;0.1053;0.0000;0.2000;0.1000;0.0000;0.1250;0.1250;0.0228;0.1896;0.5191;0.0228;0.2133;0.5173;2;2;Qwen3-1.7B-QLoRA
ID_8696858608013659;0.2935;0.2094;0.2000;0.2000;0.1000;0.0323;0.0645;0.0645;0.0415;0.2344;0.1357;0.0415;0.2344;0.1381;2;2;Qwen3-1.7B-QLoRA
ID_8703127071027272;0.2462;0.1589;0.4000;0.3000;0.1500;0.0465;0.0698;0.0698;0.0229;0.0000;0.1942;0.0229;0.0000;0.1942;3;3;Qwen3-1.7B-QLoRA
ID_8884890472193474;0.2773;0.2482;0.4000;0.2000;0.1000;0.1667;0.1667;0.1667;0.1389;0.2000;0.2420;0.1389;0.2000;0.2420;2;2;Qwen3-1.7B-QLoRA
ID_8970751075617926;0.3437;0.2563;0.6000;0.3000;0.1500;0.1667;0.1667;0.1667;0.1065;0.1174;0.1758;0.1065;0.1174;0.1758;3;3;Qwen3-1.7B-QLoRA
ID_9092587237114334;0.0112;0.0468;0.0000;0.0000;0.0500;0.0000;0.0000;0.0303;0.0000;0.0460;0.2913;0.0028;0.0460;0.2502;1;2;Qwen3-1.7B-QLoRA
ID_9273702863744424;0.7001;0.4914;0.6000;0.7000;0.4000;0.0789;0.1842;0.2105;0.1341;0.1082;0.4508;0.1533;0.1140;0.5024;7;8;Qwen3-1.7B-QLoRA
ID_9274817658247444;0.0000;0.0000;0.0000;0.0000;0.0000;0.0000;0.0000;0.0000;0.0000;0.0200;0.2314;0.0000;0.0200;0.2313;0;0;Qwen3-1.7B-QLoRA
ID_9350794843721516;0.2201;0.1537;0.2000;0.1000;0.0500;0.0333;0.0333;0.0333;0.0333;0.0820;0.2848;0.0333;0.0820;0.2848;1;1;Qwen3-1.7B-QLoRA
ID_9430398566741698;0.1682;0.1497;0.2000;0.2000;0.1500;0.0333;0.0667;0.1000;0.0179;0.0290;0.1834;0.0262;0.0352;0.2440;2;3;Qwen3-1.7B-QLoRA
ID_9542837933586912;0.4731;0.4088;0.8000;0.4000;0.2000;0.2857;0.2857;0.2857;0.2857;0.2963;0.2854;0.2857;0.2963;0.2490;4;4;Qwen3-1.7B-QLoRA
ID_9763437636509266;0.0000;0.0000;0.0000;0.0000;0.0000;0.0000;0.0000;0.0000;0.0000;0.0481;0.4304;0.0000;0.0481;0.4304;0;0;Qwen3-1.7B-QLoRA
ID_9836776931160228;0.3437;0.2725;0.6000;0.3000;0.1500;0.1667;0.1667;0.1667;0.1065;0.0769;0.2787;0.1065;0.0769;0.2640;3;3;Qwen3-1.7B-QLoRA
ID_9848311210578810;0.0000;0.0000;0.0000;0.0000;0.0000;0.0000;0.0000;0.0000;0.0000;0.0009;0.1333;0.0000;0.0009;0.1333;0;0;Qwen3-1.7B-QLoRA
ID_9856332816841794;0.3836;0.2476;0.4000;0.3000;0.1500;0.0541;0.0811;0.0811;0.0514;0.1887;0.3681;0.0514;0.1887;0.3681;3;3;Qwen3-1.7B-QLoRA
